0	8
0	13
0	14
0	21
0	41
0	50
0	51
0	61
0	66
0	73
0	82
0	88
0	97
0	145
0	148
0	157
0	158
0	164
0	166
0	174
0	178
0	190
0	191
0	193
0	198
0	205
0	215
0	222
0	225
0	226
0	235
0	258
0	268
0	280
0	281
0	295
0	311
0	312
0	371
0	440
0	441
0	506
0	584
0	593
0	830
0	1080
0	1505
0	2256
0	2289
0	2290
0	2291
0	2292
0	2293
0	2826
0	3500
0	3501
0	3749
0	4190
0	4191
0	4205
0	4206
8	13
8	20
8	21
8	24
8	30
8	31
8	47
8	51
8	61
8	97
8	129
8	138
8	158
8	160
8	174
8	178
8	185
8	192
8	194
8	198
8	200
8	203
8	212
8	215
8	217
8	224
8	225
8	235
8	268
8	283
8	416
8	440
8	581
8	634
8	698
8	699
8	753
8	833
8	838
8	992
8	993
8	994
8	995
8	996
8	997
8	1123
8	1124
8	1405
8	1406
8	2826
8	2980
8	2981
8	2982
8	2983
8	2984
8	3985
8	3986
8	4153
8	4154
8	4155
8	4156
8	4157
8	4158
8	4159
8	4160
8	4161
8	4190
8	4191
13	17
13	21
13	30
13	36
13	41
13	44
13	47
13	50
13	51
13	54
13	57
13	61
13	66
13	76
13	97
13	102
13	104
13	112
13	117
13	124
13	127
13	129
13	148
13	157
13	160
13	178
13	190
13	194
13	198
13	202
13	208
13	211
13	215
13	217
13	219
13	222
13	223
13	238
13	243
13	260
13	264
13	268
13	272
13	287
13	294
13	311
13	312
13	371
13	394
13	402
13	440
13	450
13	451
13	501
13	569
13	573
13	577
13	578
13	587
13	591
13	627
13	637
13	641
13	643
13	648
13	716
13	1037
13	1038
13	1039
13	1040
13	1041
13	1042
13	1075
13	1080
13	1610
13	1616
13	1674
13	1675
13	2008
13	2009
13	2010
13	2011
13	2122
13	2124
13	2125
13	2198
13	2333
13	2335
13	3421
13	3422
13	3423
13	3972
13	3993
13	4023
13	4028
13	4043
13	4202
13	4203
13	4204
13	4256
14	82
14	88
14	128
14	191
14	403
14	1761
14	1762
14	1763
14	1764
14	1765
14	1766
14	1767
14	1768
14	1769
14	1770
14	1771
14	1772
14	1773
14	1774
14	1775
14	1776
14	1777
14	1778
14	1779
14	1780
14	4205
14	4206
21	16
21	19
21	30
21	31
21	47
21	50
21	51
21	53
21	57
21	61
21	73
21	80
21	82
21	97
21	101
21	103
21	104
21	109
21	115
21	129
21	132
21	134
21	145
21	160
21	164
21	166
21	174
21	175
21	190
21	191
21	193
21	194
21	198
21	201
21	207
21	208
21	215
21	217
21	222
21	226
21	230
21	243
21	260
21	263
21	266
21	307
21	391
21	440
21	523
21	574
21	684
21	1747
21	1749
21	1750
21	2190
21	2368
21	2369
21	2370
21	2371
21	2372
21	2374
21	2772
21	2773
21	2774
21	2775
21	2776
21	2777
21	2778
21	2921
21	3142
21	3664
21	3751
21	3752
21	3753
21	3761
21	3803
21	3804
21	3805
21	3821
21	3971
41	36
41	50
41	51
41	57
41	61
41	80
41	91
41	94
41	95
41	112
41	148
41	157
41	178
41	194
41	198
41	215
41	222
41	238
41	244
41	264
41	268
41	272
41	311
41	312
41	371
41	432
41	440
41	454
41	495
41	506
41	556
41	651
41	653
41	656
41	657
41	676
41	696
41	714
41	721
41	764
41	766
41	768
41	791
41	811
41	895
41	1075
41	1125
41	1126
41	1127
41	1128
41	1129
41	1130
41	1131
41	1188
41	1935
41	1936
41	1937
41	2535
41	2536
41	2537
41	3785
41	3964
41	3965
41	4030
41	4256
41	4311
41	4312
41	4313
41	4314
41	4315
41	4316
41	4317
41	4318
41	4319
41	4320
41	4321
41	4322
41	4323
41	4324
41	4325
41	4326
41	4327
41	4328
41	4329
41	4330
50	2
50	4
50	9
50	18
50	30
50	31
50	36
50	51
50	57
50	61
50	73
50	76
50	78
50	80
50	95
50	101
50	115
50	116
50	117
50	134
50	138
50	145
50	148
50	164
50	174
50	178
50	189
50	193
50	194
50	198
50	200
50	204
50	207
50	215
50	219
50	222
50	225
50	226
50	234
50	243
50	244
50	249
50	260
50	264
50	266
50	268
50	280
50	281
50	293
50	314
50	322
50	323
50	330
50	395
50	432
50	447
50	656
50	676
50	764
50	768
50	791
50	798
50	1075
50	1125
50	1471
50	1520
50	1521
50	1522
50	1523
50	1524
50	1525
50	1748
50	1749
50	1750
50	2256
50	2499
50	2501
50	2502
50	2904
50	2916
50	3205
50	3206
50	3606
50	3749
50	3820
50	3876
50	3917
50	3919
50	3978
50	3996
50	4001
50	4009
50	4030
50	4033
50	4256
50	4313
50	4316
51	4
51	16
51	19
51	30
51	36
51	47
51	53
51	61
51	80
51	82
51	97
51	104
51	116
51	129
51	145
51	148
51	160
51	166
51	174
51	185
51	190
51	191
51	192
51	193
51	194
51	198
51	207
51	208
51	215
51	217
51	225
51	226
51	264
51	268
51	301
51	376
51	440
51	593
51	684
51	702
51	715
51	1025
51	1813
51	1814
51	2190
51	2605
51	2606
51	2607
51	2772
51	2921
51	3142
51	3664
51	3665
51	3666
51	3667
51	3668
51	3669
51	3670
51	3761
51	3821
51	3973
51	4191
51	4256
61	4
61	17
61	20
61	26
61	30
61	31
61	36
61	39
61	46
61	57
61	62
61	66
61	73
61	79
61	82
61	97
61	104
61	112
61	115
61	119
61	120
61	128
61	130
61	134
61	138
61	145
61	148
61	156
61	157
61	158
61	160
61	163
61	164
61	166
61	170
61	174
61	178
61	179
61	182
61	185
61	187
61	190
61	191
61	192
61	198
61	199
61	205
61	206
61	207
61	215
61	225
61	238
61	258
61	261
61	263
61	264
61	268
61	287
61	311
61	312
61	333
61	373
61	416
61	432
61	440
61	451
61	476
61	497
61	528
61	584
61	631
61	656
61	730
61	764
61	1025
61	1075
61	1080
61	1099
61	1100
61	1101
61	1127
61	1500
61	1501
61	1502
61	1503
61	1504
61	1505
61	1793
61	2518
61	2539
61	2540
61	3999
61	4007
61	4190
61	4191
61	4256
61	4292
61	4316
61	4320
61	4321
61	4428
66	69
66	77
66	124
66	164
66	178
66	198
66	199
66	215
66	233
66	237
66	239
66	258
66	303
66	312
66	318
66	334
66	525
66	543
66	584
66	591
66	643
66	655
66	660
66	823
66	885
66	1099
66	1100
66	1101
66	2333
66	2335
66	2561
66	2562
66	2563
66	2564
66	2565
66	2566
66	2567
66	2568
66	2569
66	2678
66	2682
66	3617
66	3618
66	3619
66	3725
66	3972
66	4290
73	2
73	9
73	18
73	19
73	24
73	27
73	30
73	31
73	39
73	43
73	56
73	76
73	78
73	79
73	82
73	88
73	101
73	115
73	116
73	117
73	123
73	134
73	138
73	145
73	156
73	160
73	163
73	166
73	185
73	189
73	193
73	198
73	204
73	207
73	215
73	219
73	234
73	242
73	244
73	249
73	252
73	268
73	274
73	281
73	293
73	301
73	314
73	322
73	323
73	339
73	342
73	343
73	348
73	349
73	372
73	388
73	395
73	397
73	414
73	418
73	426
73	428
73	447
73	529
73	537
73	611
73	677
73	702
73	746
73	760
73	775
73	786
73	798
73	843
73	934
73	1520
73	1522
73	1528
73	1529
73	1685
73	1688
73	2303
73	2304
73	2499
73	2500
73	2501
73	2502
73	2652
73	2872
73	2882
73	2916
73	3205
73	3606
73	3978
73	4004
73	4091
73	4092
73	4093
73	4094
73	4205
73	4206
82	9
82	18
82	34
82	43
82	88
82	97
82	123
82	139
82	145
82	158
82	190
82	191
82	198
82	205
82	315
82	320
82	321
82	1237
82	1238
82	1239
82	1240
82	3988
82	4394
82	4395
82	4396
82	4397
82	4398
82	4399
88	36
88	1046
88	4205
88	4206
88	4207
88	4208
88	4209
97	27
97	30
97	47
97	54
97	84
97	110
97	129
97	145
97	160
97	166
97	190
97	191
97	194
97	198
97	202
97	215
97	217
97	324
97	440
97	790
97	1708
97	1709
97	1710
97	1711
97	1712
97	1713
97	1714
97	2127
97	2128
97	2129
97	3298
97	3299
97	3870
97	3871
97	3872
97	3873
97	3874
145	80
145	138
145	174
145	185
145	190
145	191
145	198
145	225
145	226
145	301
145	349
145	376
145	397
145	418
145	593
145	677
145	702
145	715
145	786
145	1168
145	1526
145	1527
145	1528
145	1529
145	1530
145	1531
145	1532
145	1533
145	1813
145	1814
145	2053
145	2882
145	2889
145	2899
145	2900
145	2922
145	2963
145	3036
145	3037
145	3038
145	3039
145	3269
145	3270
145	3272
145	3273
145	3274
145	3925
145	3973
148	31
148	36
148	178
148	215
148	244
148	264
148	268
148	311
148	1075
148	1076
148	1077
148	1078
148	1079
148	1080
148	4028
148	4254
148	4255
148	4256
148	4257
148	4258
157	17
157	19
157	30
157	44
157	57
157	91
157	102
157	112
157	119
157	121
157	160
157	178
157	179
157	198
157	215
157	219
157	226
157	248
157	261
157	268
157	272
157	280
157	311
157	312
157	316
157	371
157	427
157	440
157	451
157	476
157	506
157	569
157	578
157	615
157	631
157	740
157	857
157	1112
157	1113
157	1793
157	1797
157	1798
157	1799
157	2011
157	3984
157	3998
157	4007
157	4122
157	4123
157	4124
157	4125
157	4126
157	4127
157	4128
157	4129
157	4331
157	4332
158	20
158	174
158	178
158	215
158	225
158	268
158	584
158	753
158	1402
158	1403
158	1404
158	1405
158	1406
158	1407
158	1408
158	1409
158	1410
158	2980
158	2981
158	2982
158	2983
164	19
164	105
164	124
164	198
164	199
164	202
164	215
164	226
164	258
164	270
164	280
164	281
164	312
164	316
164	450
164	490
164	626
164	703
164	704
164	712
164	716
164	853
164	1099
164	1100
164	1101
164	2195
164	2196
164	2197
164	2717
164	2718
164	2719
164	2720
164	2721
164	2722
164	2723
164	2724
164	2725
164	2726
164	2727
164	2728
164	2915
164	2920
164	2921
164	4289
164	4291
164	4292
166	30
166	31
166	39
166	76
166	79
166	103
166	104
166	115
166	134
166	160
166	174
166	190
166	191
166	194
166	198
166	207
166	263
166	268
166	2772
174	4
174	30
174	46
174	47
174	57
174	80
174	104
174	108
174	115
174	116
174	129
174	130
174	134
174	171
174	192
174	194
174	198
174	201
174	203
174	205
174	215
174	217
174	225
174	226
174	268
174	311
174	312
174	373
174	416
174	419
174	440
174	497
174	506
174	578
174	584
174	613
174	632
174	634
174	638
174	654
174	655
174	737
174	998
174	1025
174	1026
174	1504
174	1505
174	2336
174	2374
174	2610
174	2799
174	2849
174	2871
174	2907
174	2919
174	3721
174	4155
174	4166
174	4190
174	4191
174	4192
178	4
178	17
178	30
178	36
178	39
178	44
178	46
178	91
178	111
178	112
178	115
178	119
178	120
178	123
178	130
178	170
178	179
178	198
178	215
178	222
178	226
178	235
178	238
178	248
178	258
178	261
178	264
178	268
178	269
178	272
178	280
178	307
178	311
178	312
178	327
178	361
178	416
178	419
178	440
178	451
178	476
178	510
178	513
178	528
178	565
178	578
178	584
178	631
178	740
178	1075
178	1080
178	1333
178	1635
178	1793
178	2539
178	2540
178	2830
178	2872
178	3030
178	3758
178	3897
178	3898
178	3986
178	4003
178	4007
178	4028
178	4122
178	4124
178	4125
178	4155
178	4156
178	4158
178	4171
178	4254
178	4255
178	4256
178	4290
178	4331
178	4332
178	4333
178	4334
178	4335
178	4336
178	4337
178	4338
178	4339
178	4340
178	4341
178	4342
178	4384
178	4385
178	4386
190	17
190	19
190	27
190	29
190	35
190	48
190	54
190	76
190	78
190	112
190	123
190	127
190	134
190	153
190	160
190	185
190	191
190	198
190	202
190	208
190	211
190	217
190	222
190	223
190	294
190	301
190	376
190	573
190	593
190	702
190	715
190	751
190	1610
190	1813
190	1814
190	2328
190	3973
191	4
191	5
191	35
191	134
191	198
191	205
191	315
191	403
191	1237
191	1238
191	4394
191	4399
193	16
193	19
193	53
193	59
193	78
193	109
193	198
193	208
193	222
193	226
193	280
193	281
193	316
193	419
193	440
193	523
193	945
193	1001
193	2190
193	2256
193	2368
193	2369
193	2370
193	2371
193	2372
193	2872
193	3749
193	3750
193	3760
193	3900
193	3917
193	3919
193	3920
193	3971
198	4
198	17
198	19
198	30
198	31
198	39
198	44
198	47
198	53
198	54
198	57
198	78
198	79
198	80
198	95
198	101
198	102
198	103
198	104
198	108
198	111
198	115
198	116
198	129
198	132
198	134
198	138
198	160
198	171
198	176
198	192
198	194
198	201
198	207
198	208
198	215
198	217
198	219
198	225
198	226
198	230
198	235
198	237
198	243
198	258
198	260
198	263
198	266
198	268
198	287
198	307
198	311
198	312
198	371
198	373
198	394
198	395
198	402
198	419
198	440
198	451
198	495
198	497
198	501
198	506
198	528
198	535
198	567
198	569
198	574
198	577
198	578
198	631
198	638
198	654
198	655
198	656
198	851
198	857
198	1109
198	1333
198	1615
198	1616
198	1674
198	1675
198	1747
198	1749
198	1750
198	2011
198	2190
198	2290
198	2291
198	2328
198	2374
198	2377
198	2772
198	2774
198	2775
198	2871
198	2913
198	3467
198	3614
198	4023
198	4166
198	4190
198	4191
205	31
205	215
215	4
215	17
215	30
215	36
215	44
215	46
215	47
215	54
215	57
215	71
215	78
215	84
215	91
215	95
215	102
215	103
215	105
215	111
215	112
215	115
215	119
215	129
215	130
215	134
215	160
215	171
215	176
215	192
215	194
215	202
215	203
215	217
215	219
215	222
215	225
215	226
215	230
215	235
215	237
215	243
215	258
215	260
215	264
215	266
215	268
215	287
215	300
215	307
215	311
215	312
215	361
215	371
215	373
215	388
215	389
215	391
215	394
215	416
215	419
215	432
215	440
215	449
215	454
215	476
215	491
215	495
215	497
215	498
215	506
215	513
215	544
215	545
215	555
215	574
215	578
215	584
215	631
215	632
215	634
215	653
215	654
215	655
215	656
215	851
215	883
215	1026
215	1075
215	1080
215	1101
215	1333
215	1505
215	1674
215	1675
215	1747
215	1749
215	1750
215	1896
215	1898
215	1899
215	1901
215	1903
215	2011
215	2127
215	2128
215	2129
215	2290
215	2291
215	2336
215	2488
215	2489
215	2610
215	2849
215	2871
215	2907
215	2913
215	3317
215	3324
215	3325
215	3326
215	3327
215	3328
215	3456
215	3467
215	3552
215	3675
215	3721
215	3913
215	3914
215	3915
215	4020
215	4023
215	4045
215	4153
215	4190
215	4191
215	4192
215	4256
215	4290
215	4292
215	4316
222	16
222	17
222	30
222	44
222	54
222	76
222	80
222	109
222	127
222	132
222	160
222	202
222	208
222	211
222	223
222	225
222	226
222	268
222	280
222	281
222	294
222	316
222	390
222	432
222	436
222	440
222	449
222	490
222	500
222	510
222	523
222	573
222	588
222	589
222	590
222	634
222	641
222	945
222	999
222	1000
222	1001
222	1312
222	1610
222	2256
222	2368
222	2369
222	2370
222	2371
222	2372
222	2389
222	2390
222	2395
222	2396
222	2398
222	2770
222	2771
222	3749
222	3750
222	3917
222	3918
222	3919
222	3920
222	3921
222	3922
222	3923
222	3924
222	3971
225	57
225	80
225	111
225	171
225	192
225	217
225	226
225	281
225	287
225	311
225	312
225	367
225	368
225	395
225	440
225	497
225	506
225	567
225	578
225	584
225	632
225	638
225	1025
225	2610
225	2871
225	2913
225	3099
225	3100
225	3101
225	3205
225	3467
225	3614
225	4190
225	4191
226	30
226	44
226	47
226	76
226	78
226	80
226	115
226	121
226	134
226	201
226	202
226	214
226	230
226	266
226	268
226	280
226	281
226	287
226	301
226	307
226	316
226	390
226	440
226	449
226	451
226	487
226	490
226	510
226	588
226	590
226	641
226	642
226	643
226	676
226	740
226	857
226	999
226	1000
226	1001
226	1461
226	1462
226	1463
226	2256
226	2374
226	2770
226	2771
226	2830
226	2872
226	3030
226	3749
226	3898
226	3917
226	3919
226	3920
226	4171
226	4172
226	4173
226	4336
235	20
235	31
235	138
235	171
235	185
235	200
235	268
235	312
235	416
235	581
235	698
235	753
235	995
235	996
235	997
235	2826
235	2927
235	3893
235	4161
258	105
258	199
258	270
258	303
258	312
258	440
258	490
258	584
258	626
258	703
258	704
258	1099
258	1100
258	1101
258	2717
258	2718
258	4289
258	4290
258	4291
258	4292
258	4293
258	4294
258	4295
268	4
268	17
268	20
268	30
268	31
268	36
268	39
268	44
268	46
268	79
268	104
268	112
268	115
268	119
268	120
268	130
268	134
268	170
268	179
268	238
268	261
268	263
268	264
268	269
268	280
268	287
268	311
268	312
268	316
268	327
268	341
268	361
268	390
268	416
268	419
268	440
268	476
268	513
268	528
268	565
268	578
268	631
268	740
268	1075
268	1793
268	2539
268	2540
268	2830
268	2872
268	2910
268	3758
268	3897
268	3985
268	3986
268	4007
268	4155
268	4156
268	4158
268	4256
268	4331
268	4332
268	4333
268	4334
268	4336
268	4337
268	4338
268	4339
268	4340
268	4341
268	4342
268	4382
268	4383
268	4384
268	4385
268	4386
280	80
280	281
280	316
280	390
280	490
280	510
280	588
280	740
280	1523
280	1524
280	2256
280	2308
280	2310
280	2311
280	2312
280	2770
280	2771
280	3917
280	3919
280	3920
281	31
281	62
281	132
281	207
281	244
281	322
281	1520
281	1523
281	1524
281	2256
281	3749
281	3917
281	3919
295	76
295	284
295	770
295	3312
295	3313
311	36
311	44
311	57
311	91
311	95
311	108
311	112
311	120
311	130
311	170
311	171
311	194
311	217
311	238
311	239
311	312
311	371
311	373
311	419
311	432
311	440
311	454
311	476
311	497
311	506
311	522
311	528
311	555
311	613
311	631
311	638
311	653
311	654
311	657
311	676
311	1075
311	1080
311	1936
311	1937
311	2336
311	2535
311	2536
311	2537
311	2538
311	2539
311	2540
311	2799
311	2849
311	2871
311	2907
311	2909
311	2918
311	2950
311	3552
311	3614
311	3615
311	3928
311	3929
311	3930
311	3931
311	3932
311	4020
311	4023
311	4028
311	4045
311	4192
312	17
312	20
312	30
312	46
312	57
312	78
312	104
312	105
312	108
312	119
312	120
312	130
312	170
312	176
312	199
312	237
312	238
312	345
312	346
312	371
312	373
312	389
312	391
312	419
312	432
312	440
312	476
312	490
312	491
312	497
312	498
312	503
312	506
312	528
312	535
312	545
312	555
312	567
312	578
312	584
312	625
312	631
312	632
312	654
312	655
312	698
312	716
312	1054
312	1099
312	1100
312	1101
312	1899
312	1900
312	1902
312	1903
312	2336
312	2349
312	2350
312	2351
312	2377
312	2488
312	2489
312	2539
312	2540
312	2610
312	2717
312	2719
312	2849
312	2925
312	2989
312	3317
312	3552
312	3675
312	4023
312	4045
312	4163
312	4166
312	4228
312	4229
312	4230
312	4231
312	4232
312	4233
312	4289
312	4290
312	4291
312	4292
312	4316
371	17
371	57
371	102
371	154
371	219
371	345
371	346
371	440
371	506
371	528
371	535
371	578
371	631
371	2011
371	2349
371	2350
371	2351
371	2352
371	2353
371	2354
371	2355
371	2356
371	2357
371	2358
371	2359
371	2360
371	2849
371	2925
371	2989
371	3553
371	3554
371	3555
371	3556
371	4023
440	17
440	30
440	44
440	46
440	47
440	57
440	78
440	91
440	95
440	102
440	111
440	112
440	119
440	120
440	129
440	130
440	156
440	160
440	170
440	171
440	176
440	194
440	217
440	219
440	237
440	238
440	287
440	300
440	307
440	316
440	373
440	389
440	416
440	419
440	432
440	449
440	451
440	454
440	476
440	495
440	497
440	503
440	506
440	528
440	535
440	544
440	545
440	555
440	567
440	569
440	578
440	584
440	613
440	625
440	631
440	638
440	653
440	655
440	656
440	883
440	1054
440	1109
440	1333
440	1898
440	1901
440	1902
440	2011
440	2290
440	2291
440	2336
440	2349
440	2350
440	2539
440	2540
440	2849
440	2871
440	2913
440	2925
440	2929
440	2989
440	3026
440	3314
440	3317
440	3318
440	3552
440	3615
440	3721
440	3760
440	3899
440	3900
440	3901
440	4020
440	4023
440	4045
440	4228
440	4229
440	4230
440	4231
440	4232
440	4233
440	4290
440	4292
440	4316
441	593
506	57
506	108
506	130
506	237
506	345
506	346
506	373
506	497
506	528
506	535
506	545
506	567
506	578
506	631
506	654
506	851
506	1154
506	2351
506	2913
506	4163
506	4166
584	1099
584	1101
584	1253
584	1254
584	1255
584	1256
584	1257
584	1258
584	4290
584	4292
584	4428
584	4429
593	138
593	185
593	301
593	376
593	645
593	702
593	715
593	1813
593	1814
593	3973
1080	4028
2256	237
2256	316
2256	424
2256	638
2256	945
2256	2257
2256	2258
2256	2259
2256	2260
2256	2261
2256	2262
2256	2263
2256	2264
2256	2265
2256	2770
2256	2771
2256	3749
2256	3750
2256	3917
2256	3919
2256	3920
2290	3500
2292	2293
2826	171
3749	132
3749	316
3749	1001
3749	2770
3749	2771
3749	3750
3749	3918
3749	3920
4190	192
4190	4191
4191	192
4205	4206
20	30
20	33
20	34
20	35
20	60
20	86
20	117
20	187
20	228
20	269
20	327
20	328
20	329
20	335
20	340
20	511
20	521
20	537
20	665
20	675
20	682
20	694
20	700
20	705
20	706
20	733
20	736
20	747
20	748
20	750
20	752
20	758
20	776
20	802
20	810
20	868
20	869
20	890
20	2034
20	2097
20	2098
20	2099
20	2100
20	2101
20	2102
20	2103
20	2105
20	2106
20	2107
20	3445
20	3766
20	3979
20	3989
20	3991
20	3994
20	3995
20	4000
20	4008
20	4011
20	4012
20	4013
20	4015
20	4022
20	4026
20	4029
20	4032
20	4036
24	189
24	31
24	39
24	116
24	89
24	136
24	138
24	185
24	200
24	212
24	224
24	265
24	274
24	283
24	310
24	349
24	397
24	426
24	699
24	746
24	833
24	838
24	1123
24	1124
24	4091
24	4092
24	4093
24	4094
30	31
30	39
30	46
30	119
30	130
30	194
30	79
30	17
30	44
30	47
30	57
30	80
30	104
30	112
30	115
30	120
30	127
30	129
30	134
30	151
30	160
30	201
30	217
30	238
30	243
30	260
30	263
30	266
30	307
30	316
30	323
30	327
30	388
30	419
30	476
30	513
30	578
30	631
30	689
30	1749
30	1750
30	2373
30	2374
30	2375
30	2910
30	3568
30	3985
30	3986
30	3993
30	4009
31	189
31	4
31	32
31	39
31	43
31	79
31	104
31	115
31	116
31	123
31	134
31	136
31	138
31	160
31	165
31	185
31	187
31	199
31	200
31	206
31	207
31	212
31	224
31	244
31	251
31	265
31	330
31	331
31	455
31	471
31	521
31	684
31	699
31	720
31	723
31	753
31	833
31	838
31	859
31	929
31	992
31	1123
31	1656
31	1657
31	1658
31	1659
31	1660
31	1661
31	2240
31	2518
31	3250
31	3999
31	4001
31	4153
47	194
47	80
47	115
47	129
47	134
47	160
47	187
47	192
47	201
47	203
47	217
47	634
47	737
47	2374
47	4153
129	194
129	160
129	217
129	737
129	2643
129	2644
129	2645
129	2646
129	2647
129	2648
129	2649
129	2650
129	2895
129	3713
129	3714
138	189
138	39
138	32
138	89
138	106
138	143
138	177
138	181
138	185
138	200
138	207
138	212
138	216
138	224
138	244
138	265
138	274
138	275
138	278
138	283
138	288
138	293
138	313
138	317
138	319
138	333
138	343
138	349
138	376
138	397
138	418
138	426
138	453
138	471
138	481
138	483
138	502
138	529
138	532
138	533
138	536
138	541
138	542
138	546
138	548
138	611
138	617
138	622
138	645
138	677
138	684
138	688
138	723
138	729
138	746
138	775
138	783
138	850
138	928
138	929
138	930
138	931
138	932
138	933
138	934
138	935
138	936
138	937
138	938
138	939
138	940
138	2303
138	2304
138	2515
138	2518
138	2832
138	2882
138	3999
138	4004
138	4010
138	4025
138	4041
138	4042
138	4080
138	4081
138	4082
138	4083
138	4084
138	4085
138	4086
138	4087
138	4088
138	4089
138	4090
138	4091
138	4092
138	4093
138	4094
138	4095
138	4096
138	4097
138	4098
138	4099
138	4100
138	4101
138	4102
138	4103
138	4104
138	4105
138	4106
138	4107
138	4108
138	4109
138	4110
138	4111
138	4112
138	4113
138	4114
138	4115
160	194
160	17
160	38
160	54
160	76
160	104
160	115
160	124
160	127
160	134
160	202
160	208
160	211
160	217
160	223
160	238
160	243
160	248
160	257
160	260
160	263
160	294
160	450
160	451
160	573
160	591
160	641
160	643
160	1037
160	1038
160	1039
160	1040
160	1041
160	1042
160	1372
160	1610
160	1614
160	1615
160	1616
160	3993
160	4202
160	4203
160	4204
185	189
185	39
185	78
185	128
185	143
185	151
185	177
185	183
185	200
185	206
185	207
185	212
185	251
185	274
185	275
185	278
185	301
185	333
185	349
185	376
185	397
185	426
185	432
185	481
185	532
185	533
185	546
185	617
185	620
185	684
185	715
185	723
185	746
185	775
185	850
185	928
185	934
185	1124
185	1813
185	1814
185	2484
185	2485
185	2515
185	2516
185	2517
185	2518
185	2519
185	2901
185	3611
185	3612
185	3806
185	3807
185	3973
185	3987
185	3999
185	4041
185	4042
185	4091
185	4092
192	116
192	194
192	57
192	134
192	203
192	211
192	217
192	230
192	285
192	634
192	753
192	993
192	1102
192	1103
192	4153
194	4
194	130
194	57
194	77
194	104
194	108
194	134
194	207
194	211
194	229
194	230
194	285
194	286
194	373
194	432
194	467
194	654
194	737
194	1102
194	1103
194	2772
194	2799
194	2918
194	3752
194	4031
194	4192
194	4296
200	116
200	331
200	89
200	199
200	206
200	212
200	224
200	265
200	283
200	310
200	416
200	699
200	753
200	833
200	838
200	992
200	995
200	996
200	997
200	1123
200	1124
200	1405
200	1656
200	1660
200	2982
200	2983
200	2984
203	217
203	634
203	4153
212	224
212	699
212	833
212	838
212	1123
217	17
217	38
217	57
217	84
217	115
217	124
217	127
217	171
217	202
217	243
217	499
217	573
217	634
217	638
217	641
217	643
217	2009
217	2127
217	2128
217	2129
217	2162
217	2163
217	2871
217	3467
217	3614
217	3993
224	116
224	142
224	358
224	614
224	667
224	699
224	833
224	838
224	887
224	1123
224	1260
224	1261
224	4018
283	89
283	136
283	265
283	699
283	753
283	833
283	838
283	992
283	1124
283	1405
283	2982
283	2983
283	2984
416	23
416	287
416	373
416	418
416	497
416	565
416	677
416	753
416	1085
416	2904
416	3019
416	3020
416	3268
416	3274
416	3770
581	457
581	698
581	3369
581	3370
581	3371
634	202
634	294
634	316
634	500
634	2389
634	2390
634	2395
634	2396
634	2398
634	4153
698	92
698	329
698	337
698	382
698	457
698	537
698	616
698	711
698	894
698	1512
698	1617
698	1618
698	1619
698	1620
698	1621
698	1622
698	1623
698	1624
698	1625
698	1626
698	3369
698	3370
698	3371
699	89
699	136
699	265
699	833
699	838
699	1123
699	1124
753	992
753	995
753	996
753	997
753	1124
753	1405
753	2982
753	2983
753	2984
833	89
833	136
833	265
833	274
833	838
833	1123
833	1124
838	89
838	136
838	265
838	1123
838	1124
992	1124
992	1405
992	2982
992	2983
992	2984
995	996
995	997
995	4161
996	997
996	4161
997	4161
1124	89
1124	136
1124	265
1124	1405
1124	2982
1124	2983
1124	2984
1405	1402
1405	1403
1405	1406
1405	1407
1405	1408
1405	1409
1405	1410
1405	2980
1405	2981
1405	2982
1405	2983
1405	2984
1406	1402
1406	1403
1406	1407
1406	1408
1406	1409
1406	1410
1406	2980
1406	2981
2980	2981
2982	2983
2982	2984
2983	2984
3985	115
3985	3986
3985	4156
3985	4157
3985	4158
3986	115
3986	4156
3986	4157
4154	4156
4154	4158
17	46
17	119
17	54
17	76
17	95
17	111
17	120
17	124
17	127
17	202
17	211
17	223
17	238
17	243
17	294
17	307
17	451
17	495
17	573
17	641
17	643
17	732
17	872
17	1333
17	1610
17	1611
17	1612
17	1613
17	1614
17	1615
17	1616
17	3240
17	3241
17	3242
17	3796
17	3797
17	3798
17	3799
17	3800
17	3801
17	3993
36	6
36	92
36	125
36	173
36	255
36	264
36	273
36	277
36	306
36	384
36	406
36	452
36	468
36	512
36	576
36	619
36	760
36	761
36	846
36	1460
36	2411
36	2496
36	2687
36	2688
36	2689
36	2690
36	2691
36	2692
36	2693
36	2694
36	2695
36	2696
36	2697
36	2698
36	4006
36	4028
36	4040
36	4256
44	57
44	71
44	80
44	95
44	112
44	115
44	117
44	202
44	272
44	316
44	390
44	394
44	427
44	449
44	451
44	476
44	569
44	578
44	588
44	590
44	615
44	637
44	657
44	676
44	895
44	945
44	999
44	1001
44	1112
44	1113
44	1674
44	1675
44	1805
44	1806
44	1807
44	1808
44	1809
44	1810
44	1811
44	1812
44	1936
44	1937
44	1938
44	2122
44	2125
44	2126
44	3348
44	3349
44	3350
44	3351
44	4016
44	4171
54	16
54	28
54	40
54	76
54	84
54	105
54	117
54	127
54	202
54	208
54	211
54	223
54	260
54	287
54	294
54	402
54	419
54	569
54	573
54	577
54	689
54	690
54	769
54	793
54	844
54	857
54	1610
54	1802
54	1803
54	1804
54	3346
54	3347
54	3761
54	3779
54	3780
57	119
57	130
57	78
57	115
57	134
57	171
57	211
57	229
57	230
57	232
57	237
57	243
57	260
57	266
57	285
57	286
57	287
57	419
57	427
57	432
57	451
57	475
57	476
57	495
57	528
57	535
57	539
57	545
57	555
57	567
57	578
57	613
57	615
57	631
57	638
57	1102
57	1103
57	1104
57	1105
57	1106
57	1107
57	1108
57	1109
57	1110
57	1111
57	1112
57	1113
57	1747
57	1748
57	1750
57	2336
57	2849
57	2913
57	2925
57	2989
57	3026
57	3314
57	3315
57	3317
57	3318
57	3324
57	3325
57	3326
57	3327
57	3328
57	3552
57	3614
57	3615
57	4023
57	4031
57	4045
57	4296
57	4297
57	4298
57	4299
57	4300
57	4301
57	4302
57	4303
57	4304
57	4316
76	18
76	78
76	127
76	134
76	197
76	202
76	208
76	211
76	214
76	223
76	230
76	263
76	294
76	314
76	357
76	573
76	875
76	1007
76	1008
76	1461
76	1462
76	1610
76	2328
76	2329
76	2330
76	2331
102	219
102	38
102	147
102	234
102	249
102	2011
104	39
104	103
104	115
104	134
104	207
104	260
104	263
104	450
104	591
104	716
104	1037
104	1040
104	1041
104	1042
104	2534
104	2772
104	3613
104	4202
104	4203
104	4204
112	91
112	95
112	127
112	182
112	264
112	272
112	300
112	316
112	432
112	451
112	454
112	531
112	591
112	653
112	657
112	676
112	795
112	883
112	895
112	1478
112	1479
112	1480
112	1482
112	1483
112	1484
112	1485
112	1486
112	1797
112	1798
112	1799
112	1800
112	1801
112	1934
112	1935
112	1936
112	1937
112	1938
112	4002
112	4016
112	4020
112	4034
117	130
117	15
117	78
117	86
117	170
117	187
117	204
117	248
117	402
117	447
117	501
117	569
117	577
117	637
117	640
117	771
117	857
117	1517
117	1518
117	1519
117	1815
117	1816
117	2499
117	2895
117	2916
117	3606
117	3845
117	3981
117	4043
124	202
124	243
124	451
124	577
124	641
124	643
124	2332
124	2333
124	2334
124	2335
124	2915
124	2920
124	2921
124	3569
124	3570
124	3572
124	3972
124	3993
127	53
127	202
127	208
127	211
127	223
127	257
127	294
127	499
127	573
127	607
127	1465
127	1466
127	1467
127	1468
127	1469
127	1470
127	1471
127	1610
202	38
202	80
202	84
202	208
202	211
202	223
202	243
202	248
202	257
202	294
202	316
202	451
202	500
202	573
202	577
202	641
202	643
202	1372
202	1610
202	2127
202	2128
202	2129
202	2389
202	2390
202	2391
202	2392
202	2393
202	2394
202	2395
202	2396
202	2397
202	2398
202	2915
202	2920
202	2921
202	3569
202	3570
202	3571
202	3572
202	3993
208	19
208	38
208	53
208	59
208	211
208	223
208	248
208	257
208	294
208	573
208	1610
211	134
211	223
211	230
211	285
211	294
211	573
211	1102
211	1103
211	1610
219	2
219	189
219	147
219	204
219	234
219	249
219	293
219	459
219	588
219	609
219	731
219	798
219	1577
219	1578
219	1579
219	1580
219	1581
219	1582
219	1583
219	1584
219	1585
219	1586
219	1587
219	1588
219	2011
219	2501
219	3978
223	294
223	573
223	1610
238	46
238	119
238	19
238	120
238	170
238	260
238	436
238	439
238	450
238	588
238	589
238	590
238	609
238	648
238	1037
238	1041
238	1042
238	1314
238	1649
238	1717
238	1718
238	1719
238	1720
238	2096
238	2537
238	2558
238	2559
238	2560
238	3616
238	4202
243	19
243	111
243	115
243	134
243	260
243	266
243	316
243	449
243	641
243	643
243	732
243	872
243	1324
243	1325
243	1326
243	1327
243	1328
243	1329
243	1749
243	1750
243	3109
243	3111
243	3993
260	16
260	19
260	111
260	115
260	134
260	266
260	449
260	450
260	569
260	591
260	732
260	793
260	857
260	872
260	976
260	1037
260	1038
260	1040
260	1041
260	1324
260	1325
260	1326
260	1327
260	1328
260	1329
260	1749
260	1750
260	3761
260	3779
260	3780
260	4202
260	4203
260	4204
264	95
264	272
264	657
264	676
264	895
264	1075
264	1934
264	1936
264	1937
264	1938
264	4016
264	4256
272	95
272	248
272	451
272	569
272	578
272	657
272	676
272	857
272	895
272	1934
272	1935
272	1936
272	1937
272	1938
272	2122
272	2124
272	2125
272	4016
272	4122
272	4123
272	4124
272	4125
287	109
287	402
287	496
287	501
287	522
287	569
287	577
287	578
287	587
287	588
287	590
287	627
287	1568
287	2198
287	3559
287	3561
287	3563
287	3564
287	3565
287	3566
294	316
294	500
294	573
294	1610
294	2389
294	2390
294	2391
294	2392
294	2393
294	2394
294	2395
294	2396
294	2397
294	2398
394	496
394	1674
394	1675
402	501
402	569
402	577
402	637
402	857
402	1568
402	1815
402	1816
402	4043
450	19
450	105
450	487
450	524
450	591
450	712
450	1040
450	1041
450	1042
450	2192
450	2193
450	2194
450	2195
450	2196
450	4202
450	4203
450	4204
451	91
451	237
451	316
451	569
451	577
451	578
451	885
451	1797
451	1798
451	1799
451	2122
451	2123
451	2124
451	2125
451	2915
451	2920
451	3569
451	3570
451	3571
451	3572
451	4212
501	569
501	577
501	637
501	857
501	1815
501	4043
569	449
569	577
569	578
569	857
569	976
569	2122
569	2123
569	2124
569	2125
569	2126
569	2925
569	3457
569	3458
569	3459
569	4016
573	1610
577	637
577	857
577	1568
577	1569
577	1570
577	1815
577	1816
577	2915
577	2920
577	3571
577	3572
577	3845
577	4043
578	130
578	115
578	237
578	345
578	346
578	373
578	419
578	427
578	476
578	495
578	497
578	528
578	535
578	545
578	567
578	615
578	631
578	655
578	656
578	1109
578	1112
578	1113
578	2125
578	2849
578	2913
578	2925
578	2989
578	3314
578	3315
578	3316
578	3317
578	3318
578	3319
578	3721
578	4045
587	379
587	475
587	496
587	627
587	980
591	233
591	237
591	239
591	422
591	1037
591	1039
591	1040
591	1041
591	1042
591	1546
591	1781
591	1782
591	1783
591	1784
591	1785
591	1786
591	2814
591	2815
591	2816
591	2817
591	4202
591	4203
591	4204
627	496
627	2198
637	170
637	248
637	1518
637	1815
637	1816
637	3845
637	4043
641	367
641	643
641	1312
641	3200
641	3201
641	3993
643	367
643	1312
643	2333
643	2335
643	3200
643	3201
643	3972
643	3993
648	436
648	439
648	588
648	589
648	590
648	609
648	1649
648	2096
648	2558
648	2559
648	2560
716	19
716	105
716	712
716	2195
716	2196
716	2197
1037	1038
1037	1039
1037	1040
1037	1041
1038	1040
1038	1041
1040	1041
1040	1042
1040	4202
1040	4203
1040	4204
1041	4202
1041	4203
1041	4204
1042	4202
1042	4203
1042	4204
1075	4028
1075	4254
1075	4256
1616	1614
1616	1615
1616	3240
1616	3796
1616	3799
1616	3800
1616	3801
1674	1675
2122	2123
2122	2125
2124	2123
2124	2125
2198	496
2333	2332
2333	2334
2333	2335
2333	3972
2335	3972
3421	3422
3421	3423
3422	3423
3972	2332
4023	615
4023	2377
4202	4203
4202	4204
4203	4204
128	743
128	806
128	826
128	880
128	2266
128	2267
128	2268
128	2269
128	2270
128	2271
128	2272
128	3490
128	3491
128	3492
128	3493
128	3494
128	3495
128	3496
128	3497
128	3498
1777	1778
1777	1779
1777	1780
1778	1779
1778	1780
1779	1780
16	109
16	391
16	523
16	684
16	793
16	944
16	945
16	946
16	2368
16	2369
16	2370
16	2371
16	2372
16	2915
16	2921
16	2948
16	2949
16	2950
16	3142
16	3664
16	3665
16	3666
16	3667
16	3668
16	3669
16	3670
16	3761
16	3779
16	3780
16	3803
16	3804
16	3821
16	3971
16	4116
16	4117
16	4118
16	4119
19	111
19	134
19	35
19	53
19	59
19	78
19	101
19	105
19	242
19	291
19	449
19	487
19	493
19	524
19	712
19	773
19	829
19	1325
19	1326
19	1327
19	1715
19	1716
19	2184
19	2185
19	2186
19	2187
19	2188
19	2189
19	2190
19	2191
19	2192
19	2193
19	2194
19	2195
19	2196
19	2197
19	3980
19	4014
19	4019
53	109
53	37
53	186
53	188
53	242
53	262
53	291
53	325
53	420
53	1715
53	1716
53	1842
53	1843
53	2190
53	2363
53	2365
53	2366
53	4014
53	4019
80	307
80	134
80	115
80	201
80	301
80	316
80	390
80	490
80	510
80	588
80	2374
80	2770
80	2771
101	116
101	207
101	270
101	2706
101	2707
101	3728
103	1564
103	3831
103	3832
103	3833
103	3834
103	3835
103	3836
109	262
109	522
109	523
109	588
109	590
109	615
109	2361
109	2362
109	2363
109	2364
109	2365
109	2366
109	2367
109	2368
109	2369
109	2370
109	2371
109	2372
109	2864
109	2865
109	2866
109	2867
109	2868
109	2869
109	3557
109	3558
109	3559
109	3560
109	3561
109	3562
109	3563
109	3564
109	3565
109	3566
109	3567
109	3971
115	39
115	130
115	79
115	307
115	134
115	327
115	201
115	263
115	266
115	419
115	476
115	513
115	631
115	689
115	1749
115	1750
115	1838
115	2374
115	4009
132	207
132	504
132	2666
132	2667
134	39
134	307
134	18
134	35
134	163
134	182
134	187
134	197
134	201
134	229
134	230
134	232
134	263
134	266
134	285
134	314
134	1102
134	1103
134	1747
134	1748
134	1749
134	1750
134	1751
134	2373
134	2374
134	4031
134	4296
175	207
175	701
175	2199
175	2200
175	2201
201	38
201	2374
207	39
207	684
207	32
207	136
207	244
207	723
207	2772
207	2774
230	214
230	78
230	229
230	285
230	574
230	1102
230	1103
263	95
266	163
266	1747
266	1749
266	1750
266	2374
307	95
307	111
307	120
307	732
307	872
307	1333
307	2374
391	105
391	239
391	491
391	498
391	522
391	2363
391	2488
391	2489
391	2921
391	3424
391	3425
391	3426
391	3427
391	3428
391	3429
391	3803
391	3804
391	3805
523	522
523	946
523	1520
523	2368
523	2369
523	2370
523	2371
523	2372
523	2864
523	2865
523	2866
523	2867
523	2868
523	2869
523	3017
523	3072
523	3073
523	3074
523	3075
523	3971
574	125
574	557
574	558
574	658
574	659
574	756
574	2626
574	2627
574	2926
574	3696
574	3697
574	3698
684	39
684	349
684	532
684	546
684	723
684	928
684	3664
1747	1748
1749	1750
2190	4019
2368	2369
2368	2370
2368	2371
2368	2372
2368	3971
2369	2370
2369	2371
2369	2372
2369	3971
2370	2371
2370	2372
2370	3971
2371	2372
2371	3971
2372	3971
2921	2915
2921	2920
2921	3664
2921	3665
2921	3666
2921	3667
2921	3668
2921	3669
2921	3670
2921	3803
2921	3804
2921	3805
3142	343
3142	3141
3142	3664
3142	3761
3664	3665
3664	3666
3664	3667
3664	3668
3664	3669
3664	3670
3761	793
3761	3779
3761	3780
3803	3804
91	300
91	432
91	531
91	653
91	883
91	1478
91	1479
91	1480
91	1481
91	1482
91	1483
91	1484
91	1485
91	1486
91	1487
91	1488
91	1489
91	1490
91	1491
91	3192
91	3193
91	3194
91	3195
91	3196
91	3197
91	3198
91	3199
91	3894
91	3895
91	3896
91	4020
94	412
94	433
94	556
94	655
94	696
94	721
94	766
94	811
94	1187
94	1188
94	1189
94	1190
94	1191
94	3048
94	3581
94	3582
94	3583
94	3584
94	3585
94	3760
94	3776
94	4351
94	4352
94	4353
94	4354
94	4355
94	4356
94	4357
95	111
95	359
95	657
95	676
95	732
95	795
95	857
95	872
95	895
95	1333
95	1934
95	1935
95	1936
95	1937
95	1938
95	1939
95	1940
95	3876
95	4016
244	656
244	714
244	764
244	768
244	791
244	1125
244	1126
244	4030
244	4313
244	4314
432	495
432	179
432	653
432	764
432	768
432	791
432	1635
432	3785
432	3964
432	3965
432	4316
454	186
454	237
454	395
454	409
454	420
454	744
454	837
454	871
454	883
454	1733
454	1842
454	1843
454	1844
454	3308
454	3309
454	3310
454	3311
454	3811
454	3812
454	3813
454	3814
454	3815
495	130
495	237
495	539
495	651
495	655
495	656
495	657
495	851
495	857
495	895
495	2153
495	2154
495	2155
556	412
556	433
556	655
556	696
556	721
556	766
556	811
556	1187
556	1188
556	1189
556	1190
556	1191
556	3760
556	3776
556	4351
556	4352
556	4353
556	4354
556	4355
556	4356
556	4357
653	300
653	531
653	883
653	1478
653	1479
653	1480
653	1483
653	1484
653	1485
653	1486
653	1487
653	1488
653	1489
653	1490
653	1491
653	3192
653	3196
653	3198
653	3199
656	655
656	714
656	764
656	768
656	791
656	1126
656	1127
656	1128
656	1129
656	4030
656	4316
657	676
657	895
657	1934
657	1935
657	1936
657	1937
657	1938
657	4016
676	359
676	795
676	857
676	895
676	1934
676	1935
676	1936
676	1937
676	1938
676	1940
676	3876
676	4016
696	412
696	433
696	721
696	766
696	811
696	1187
696	1188
696	1189
696	1190
696	1191
696	3581
696	3582
696	3583
696	3584
696	3585
696	4352
696	4353
696	4357
714	764
714	768
714	791
714	1126
714	1129
714	4030
721	412
721	433
721	655
721	766
721	811
721	1187
721	1188
721	1189
721	1190
721	1191
721	3581
721	3582
721	3583
721	3584
721	3585
721	4352
721	4353
721	4357
764	768
764	791
764	1126
764	1129
764	3785
766	412
766	433
766	811
766	1187
766	1188
766	1189
766	1190
766	1191
766	3048
766	4351
766	4352
766	4353
766	4357
768	791
768	1126
768	3785
791	1126
791	1129
791	3785
811	412
811	433
811	1187
811	1188
811	1189
811	1190
811	1191
811	4352
811	4353
811	4357
895	1934
895	1935
895	1936
895	1937
895	1938
895	4016
1127	1128
1188	1187
1188	1189
1188	4351
1188	4352
1935	1936
1935	1937
1935	1938
1935	4016
1936	359
1936	795
1936	857
1936	1934
1936	1937
1936	1938
1936	1940
1936	3876
1936	4016
1937	1934
1937	1938
1937	4016
2535	2536
3964	3965
2	189
2	798
2	2156
2	2157
4	39
4	46
4	116
4	119
4	130
4	149
4	261
4	330
4	331
4	693
4	720
4	813
4	3502
4	3773
4	3774
4	3775
4	3966
4	4001
9	798
9	863
9	2158
9	2159
9	2160
9	2161
18	197
18	314
18	831
18	855
18	2632
18	2633
18	2634
18	2635
18	4034
78	130
78	27
78	204
78	291
78	325
78	419
78	431
78	447
78	1461
78	1462
78	1463
78	1464
78	1715
78	1716
78	2328
78	2336
78	2499
78	2594
78	2872
78	2916
78	3183
116	39
116	330
116	331
116	720
116	1048
116	1049
116	3996
116	4001
116	4033
116	4223
116	4224
116	4225
116	4226
189	39
189	118
189	204
189	234
189	249
189	274
189	293
189	399
189	426
189	746
189	775
189	798
189	1215
189	1216
189	1217
189	2501
189	3978
189	4091
189	4092
189	4093
189	4094
189	4387
204	798
204	105
204	293
204	234
204	249
204	447
204	498
204	1731
204	1732
204	2499
204	2501
204	3606
204	3978
234	105
234	229
234	248
234	293
234	147
234	249
234	378
234	498
234	1731
234	1732
234	2501
234	3978
249	293
249	147
249	2501
249	3978
293	39
293	2501
293	3978
322	323
322	1520
322	1522
322	3206
330	3996
330	4001
330	4033
395	108
395	2904
395	237
395	373
395	539
395	654
395	1522
395	2799
395	2800
395	3206
395	3308
395	3309
395	3310
395	3311
395	4164
395	4166
447	2499
447	2916
1471	2904
1471	1522
1471	3205
1471	3206
1520	1521
1520	2864
1520	2865
1520	2869
1520	3072
1520	3073
1520	3074
1520	3075
1522	2904
1522	3206
1523	1524
1524	1525
2499	2916
2499	3606
2501	3978
2904	23
2904	805
2904	1085
2904	1091
2904	2860
2904	2973
2904	3020
2904	3205
2904	3206
2904	3770
2904	3808
2916	2872
3876	359
3876	795
3876	857
3917	3919
3996	331
3996	4001
4001	4033
301	524
301	356
301	376
301	429
301	448
301	702
301	715
301	786
301	1528
301	1529
301	1530
301	1531
301	1532
301	1533
301	1813
301	1814
301	2520
301	2521
301	2522
301	2889
301	3036
301	3039
301	3360
301	3361
301	3362
301	3925
301	3926
301	3927
301	3973
376	702
376	715
376	729
376	1813
376	1814
376	2589
376	2590
376	2591
376	2592
376	2593
376	2594
376	2595
376	2596
376	2597
376	2598
376	2599
376	2600
376	2832
376	3129
376	3657
376	3658
376	3659
376	3660
376	3661
376	3662
376	3663
376	3973
376	4025
702	418
702	715
702	786
702	1168
702	1528
702	1529
702	1530
702	1531
702	1532
702	1533
702	1813
702	1814
702	2053
702	2889
702	2899
702	2900
702	2922
702	3036
702	3039
702	3925
702	3973
715	397
715	786
715	1168
715	1528
715	1529
715	1813
715	1814
715	2053
715	2589
715	2590
715	2594
715	2595
715	2889
715	2899
715	2900
715	2922
715	2963
715	3035
715	3036
715	3037
715	3038
715	3039
715	3040
715	3041
715	3925
715	3973
715	4025
1813	3973
1814	3973
3665	3666
3665	3667
3665	3668
3665	3669
3665	3670
3666	3667
3666	3668
3666	3669
3666	3670
3667	3668
3667	3669
3667	3670
3668	3669
3668	3670
3669	3670
39	22
39	79
39	119
39	172
39	206
39	546
39	720
39	723
39	1492
39	1493
39	2130
39	2131
39	2518
46	119
46	120
46	183
46	290
46	304
46	361
46	513
46	551
46	813
46	1666
46	1667
46	1668
46	1669
46	1670
46	1671
46	1672
46	1673
46	3990
46	4007
79	5
79	941
79	942
79	943
119	120
119	130
119	150
119	179
119	261
119	419
119	476
119	555
119	882
119	1635
119	1793
119	1794
119	2913
119	3323
119	3324
119	3325
119	3326
119	3327
119	3328
119	3329
119	4007
120	154
120	233
120	237
120	239
120	282
120	393
120	476
120	522
120	2909
120	3743
120	3744
120	3745
120	3746
120	3747
120	3997
120	4005
120	4027
120	4217
120	4218
120	4219
120	4220
130	170
130	179
130	237
130	373
130	419
130	476
130	497
130	503
130	528
130	545
130	555
130	631
130	640
130	1054
130	1635
130	2336
130	2539
130	2540
130	2748
130	2749
130	2750
130	2751
130	2849
130	2871
130	3317
130	3552
130	3748
130	3982
130	3983
130	3992
130	4045
130	4047
130	4228
130	4229
130	4230
130	4231
130	4232
130	4233
156	147
156	179
156	412
156	595
156	2086
156	2087
156	2088
156	2089
156	2090
156	2091
156	2092
156	2093
156	2094
156	2095
156	2929
156	3443
156	3444
163	182
163	697
163	862
163	2314
163	2315
163	2316
163	2317
163	2318
163	3516
163	3517
163	3518
163	3519
170	631
170	229
170	248
170	528
170	96
170	256
170	368
170	439
170	905
170	906
170	1695
170	1717
170	1718
170	1719
170	1720
170	1721
170	2056
170	2057
170	2058
170	2059
170	2539
170	2540
170	3437
170	4054
170	4055
179	261
179	476
179	4007
179	296
179	1634
179	1635
179	1636
179	1637
179	1638
179	1639
179	1793
179	2894
179	2902
179	3022
182	187
182	426
182	107
182	290
182	564
182	601
182	602
182	893
182	1681
182	1682
182	3265
182	3266
182	3267
182	3784
182	4046
187	60
187	52
187	456
187	485
187	4139
187	4140
187	4141
187	4142
261	476
261	1793
261	4007
373	108
373	4192
373	497
373	654
373	655
373	998
373	1026
373	2799
373	2800
373	2871
373	2907
373	2912
373	2918
373	2919
373	2985
373	2986
373	2987
373	2988
373	3473
373	4003
373	4162
373	4163
373	4164
373	4165
373	4166
373	4167
373	4168
373	4169
373	4170
476	528
476	555
476	615
476	631
476	882
476	1793
476	4007
497	108
497	4192
497	544
497	654
497	655
497	1026
497	2871
497	3721
497	4166
528	631
528	503
528	535
528	555
528	567
528	717
528	1054
528	2539
528	2540
528	2541
528	2542
528	2849
528	2913
528	2925
528	2989
528	4045
528	4228
528	4229
528	4230
528	4231
528	4232
528	4233
631	171
631	237
631	503
631	555
631	615
631	717
631	1054
631	2539
631	2540
631	3317
631	4228
631	4229
631	4230
631	4231
631	4232
631	4233
631	4234
631	4235
631	4236
1099	660
1099	1100
1099	1101
1099	3617
1100	1101
1100	4289
1100	4291
1101	4289
1101	4291
1504	2894
1504	2902
1793	4007
2539	2540
4007	304
4292	4290
69	525
69	2029
77	114
77	237
77	239
77	358
77	415
77	417
77	467
77	630
77	674
77	822
77	2108
77	2109
77	2110
77	2111
77	2112
77	2113
77	2114
77	2115
77	2116
77	2117
77	2118
77	2119
77	2120
77	2480
77	3378
77	3380
77	3454
77	3455
233	237
233	154
233	239
233	282
233	303
233	393
233	1541
233	1545
233	1546
233	3997
233	4005
233	4027
233	4217
233	4218
233	4220
237	4014
237	419
237	131
237	154
237	239
237	282
237	393
237	404
237	517
237	539
237	543
237	545
237	626
237	655
237	851
237	885
237	886
237	1541
237	1546
237	2913
237	3308
237	3310
237	3314
237	3316
237	3317
237	3318
237	3913
237	3914
237	3915
237	3916
237	3997
237	4005
237	4027
237	4210
237	4211
237	4212
237	4213
237	4214
237	4215
237	4216
237	4217
237	4218
237	4219
237	4220
239	154
239	303
239	522
239	1541
239	1542
239	1543
239	1544
239	1545
239	1546
239	2909
239	3207
318	543
318	2561
318	2562
318	2563
318	2678
318	2679
318	2680
318	2681
318	2682
318	3725
543	154
543	393
543	2678
543	2679
543	2680
543	2682
543	3430
543	3431
543	3432
543	3433
543	3434
543	3435
543	3436
543	3997
655	419
655	412
655	851
655	885
655	886
655	3456
655	3721
655	3776
660	2568
660	2569
660	3617
660	3618
660	3619
823	633
823	636
823	2561
823	2562
823	2563
823	2568
823	2569
823	3392
823	3395
885	886
885	3913
885	4210
885	4211
2561	2562
2561	2563
2562	2563
2568	2569
2678	2682
2678	3725
2682	3725
3617	3618
3617	3619
4290	4289
27	790
27	3298
27	3299
27	3870
27	3871
27	3872
27	3873
27	3874
27	4017
27	4035
43	2151
43	2152
56	670
56	695
56	763
56	832
56	835
56	841
56	845
56	888
56	891
56	1547
56	1548
56	1549
56	1550
56	1551
56	1552
56	1553
56	1554
56	1555
56	4037
56	4038
123	100
123	216
123	267
123	1913
123	1914
123	1915
123	1916
123	1917
242	843
242	3085
242	3086
242	3087
242	3088
242	3945
242	3946
242	3947
242	3948
252	23
252	122
252	274
252	284
252	611
252	805
252	1081
252	1083
252	1991
252	1992
252	1994
252	2303
252	2305
252	4004
252	4259
274	349
274	481
274	617
274	89
274	136
274	265
274	85
274	106
274	168
274	339
274	342
274	343
274	352
274	370
274	372
274	397
274	414
274	426
274	502
274	515
274	529
274	541
274	542
274	601
274	605
274	611
274	636
274	645
274	677
274	745
274	746
274	760
274	761
274	775
274	799
274	850
274	1373
274	1374
274	1375
274	1381
274	1472
274	2303
274	2304
274	2305
274	2306
274	2307
274	2582
274	2585
274	2587
274	2651
274	2652
274	2854
274	2856
274	2857
274	2870
274	2880
274	2901
274	3514
274	4004
274	4091
274	4092
274	4093
274	4094
274	4368
274	4369
339	511
339	760
339	761
339	414
339	626
339	1687
339	1688
339	1689
339	2060
339	2061
339	2062
339	2063
339	2064
339	2065
339	2066
339	2067
339	2068
339	2069
339	2070
339	2071
339	2072
339	2073
339	2074
339	2075
342	426
342	760
342	761
342	799
342	352
342	628
342	677
342	745
342	1472
342	1473
342	1474
342	1475
342	1476
342	2303
342	2651
342	2652
342	2827
342	2854
342	2870
342	2880
342	3765
342	3944
343	349
343	809
343	426
343	746
343	611
343	1377
343	1378
343	1379
343	1380
343	1381
343	1382
343	1383
343	1384
343	1385
343	1386
343	1387
343	1388
343	1389
343	1390
343	1391
343	1392
343	1393
343	1394
343	1395
343	1396
343	1397
343	2303
343	2304
343	3141
343	3143
343	4004
349	220
349	11
349	288
349	317
349	275
349	278
349	370
349	372
349	397
349	418
349	426
349	529
349	546
349	629
349	677
349	723
349	746
349	775
349	928
349	929
349	934
349	1381
349	1869
349	1870
349	2582
349	2586
349	2587
349	2882
349	3272
372	397
372	370
372	2582
372	2583
372	2584
372	2585
372	2586
372	2587
372	3644
372	3645
372	3646
372	3647
388	171
388	632
388	4069
388	4070
397	418
397	275
397	399
397	400
397	426
397	529
397	629
397	677
397	775
397	934
397	1796
397	2882
397	2922
397	3036
397	3037
397	3274
414	511
414	760
414	761
414	626
414	1685
414	1686
414	1687
414	1688
414	1689
414	2060
414	2061
414	2062
414	2067
414	2070
414	2071
414	2072
414	2073
418	83
418	446
418	23
418	677
418	786
418	1085
418	1090
418	1897
418	2882
418	3170
418	3273
418	3274
418	3275
418	3276
418	4265
418	4266
418	4267
418	4268
426	601
426	602
426	611
426	677
426	746
426	775
426	934
426	2303
426	2304
426	3266
426	4004
426	4091
426	4092
426	4093
426	4094
428	963
428	964
428	965
428	966
428	967
428	968
428	969
428	970
428	971
428	2964
428	2965
428	2966
428	2967
428	2968
428	2969
428	2970
529	1477
537	457
537	3251
537	3252
537	3253
537	3254
537	3255
537	3256
537	3257
611	136
611	746
611	4093
611	32
611	85
611	168
611	399
611	400
611	515
611	2303
611	2304
611	2305
611	2831
611	2850
611	2905
611	2906
611	3320
611	4004
677	479
677	546
677	1168
677	1171
677	2882
677	3268
677	3269
677	3270
677	3271
677	3272
677	3273
677	3274
677	3275
677	3276
677	3277
677	3278
677	3279
677	3280
677	3281
677	3282
677	3283
677	3284
677	3285
677	3286
677	3287
677	3288
746	275
746	775
746	2305
746	4004
746	4091
746	4092
746	4093
746	4094
760	382
760	512
760	619
760	106
760	337
760	352
760	457
760	502
760	582
760	626
760	628
760	713
760	745
760	761
760	1373
760	1374
760	1375
760	1472
760	1511
760	1512
760	1685
760	1689
760	2651
760	2652
760	2854
760	2855
760	2870
760	2880
760	3042
760	3136
760	3138
760	3139
775	934
786	1168
786	1528
786	1529
786	1530
786	1531
786	1532
786	1533
786	2922
843	111
843	3085
843	3086
843	3087
843	3088
1528	1529
1528	1530
1528	1531
1528	1532
1528	1533
1528	2889
1528	2899
1528	2900
1528	2963
1529	1530
1529	1531
1529	1532
1529	1533
1529	2889
1529	3036
1529	3039
1529	3925
1685	761
1688	1686
1688	1687
2303	106
2303	2304
2303	2305
2303	3514
2303	4004
2652	761
2652	352
2652	628
2652	745
2652	2651
2872	2594
2872	3898
2882	1897
2882	3170
2882	3272
2882	3274
2882	3276
4091	4092
4091	4093
4091	4094
4092	4093
4092	4094
4093	85
4093	168
4093	515
4093	799
4093	4094
34	60
34	110
34	228
34	665
34	758
34	787
34	810
34	2030
34	2031
34	2032
34	2033
34	2034
34	2035
34	2704
315	1237
315	1238
315	3988
1237	3988
1237	4397
1046	4209
84	2127
84	2128
84	2129
110	790
110	787
110	1709
110	1710
110	2699
110	2700
110	2701
110	2702
110	2703
110	2704
110	2705
110	3726
110	3727
110	3968
324	1711
790	1708
790	1709
790	1710
790	1711
790	1712
790	1713
790	1714
1708	1711
1709	1710
1712	1713
1712	1714
1713	1714
2127	2128
2127	2129
2128	2129
3298	3299
3870	3871
3870	3872
3870	3873
3870	3874
3871	3872
3871	3873
3871	3874
3872	3873
3872	3874
3873	3874
1168	546
1168	1169
1168	1171
1168	2922
1526	1527
1530	1531
1530	1532
1530	1533
1531	1532
1531	1533
1532	1533
2053	177
2053	278
2053	453
2053	620
2053	817
2053	1602
2053	1605
2053	1606
2053	2052
2053	2054
2053	2055
2053	2889
2053	2899
2053	2900
2053	3233
2053	3777
2053	3778
2889	2899
2889	2900
2889	2963
2889	3036
2889	3039
2889	3925
2899	2900
2899	2963
2900	2963
3036	3037
3036	3038
3036	3039
3036	3925
3037	3038
3037	3039
3038	3039
3039	3925
3269	3268
3269	3270
3269	3271
3269	3273
3269	3274
3270	3268
3270	3271
3270	3273
3270	3274
3272	3273
3272	3274
3273	3274
3273	3275
3273	3276
3274	3268
3274	3271
3274	3275
3274	3276
3925	3926
3925	3927
4254	4255
121	297
121	256
121	482
121	1035
121	1399
121	1400
121	1401
121	3152
121	3829
248	105
248	38
248	229
248	176
248	257
248	498
248	857
248	1372
248	1730
248	1731
248	4123
248	4124
248	4125
316	111
316	732
316	872
316	105
316	449
316	390
316	490
316	500
316	510
316	588
316	590
316	626
316	999
316	1001
316	2389
316	2390
316	2395
316	2396
316	2398
316	2717
316	2718
316	2719
316	2770
316	2771
316	3109
316	3111
316	3750
316	4171
427	367
427	368
427	473
427	615
427	1109
427	1301
427	1302
427	1304
427	1305
427	1306
427	1307
427	1309
427	1310
427	3499
615	262
615	1113
615	2363
740	4331
740	4332
740	4336
857	449
857	359
857	795
857	976
857	1940
857	4122
857	4123
857	4124
1112	1113
1798	1799
4122	4123
4122	4124
4124	4125
4331	4332
1402	1407
1402	1408
1402	1409
1402	1410
1403	1407
1403	1408
1403	1409
1407	1408
1407	1409
1409	1410
105	793
105	229
105	270
105	378
105	490
105	491
105	493
105	498
105	626
105	712
105	1730
105	1731
105	1732
105	1833
105	1834
105	1835
105	1837
105	2192
105	2195
105	2196
105	2197
105	2488
105	2489
105	2718
105	2719
105	2727
105	2728
105	3305
105	3306
105	3307
105	3346
105	3347
105	3372
105	3373
105	3374
270	490
270	186
270	420
270	1842
270	1843
270	626
270	2718
270	2719
490	38
490	390
490	510
490	588
490	626
490	2717
490	2718
490	2719
490	2770
490	2771
626	761
626	1689
626	2717
626	2718
626	2727
626	2728
703	347
703	3367
704	347
712	487
712	524
712	2192
712	2193
712	2195
712	2197
853	560
853	2514
2195	2192
2195	365
2195	1021
2195	2196
2195	2999
2195	3000
2196	2197
2717	2718
2727	2728
2915	2920
2915	2948
2915	2949
2915	2950
2915	3569
2915	3570
2915	3571
2915	3572
2920	3569
2920	3570
2920	3571
2920	3572
4289	4291
108	15
108	654
108	683
108	767
108	780
108	884
108	998
108	2795
108	2796
108	2797
108	2798
108	2799
108	2800
108	2859
108	2912
108	2914
108	2918
108	2919
108	2985
108	2986
108	2987
108	3289
108	3290
108	3291
108	3292
108	3470
108	3471
108	3472
108	3473
108	4164
108	4166
171	269
171	507
171	539
171	555
171	789
171	2179
171	2180
171	2181
171	2871
171	2913
171	2927
171	3466
171	3467
171	3468
171	3469
171	3614
419	431
419	545
419	2336
419	2337
419	2338
419	2339
419	2340
419	2341
419	2342
419	2343
419	2849
419	2913
419	3515
419	3542
419	3552
419	3760
419	3899
419	3900
419	3901
419	4045
613	638
613	3614
613	3615
632	2610
632	3675
638	424
638	2257
638	2258
638	2259
638	2260
638	2261
638	2262
638	2263
638	2264
638	2265
638	3614
638	3615
654	4192
654	683
654	767
654	780
654	884
654	998
654	2797
654	2798
654	2799
654	2800
654	2871
654	2912
654	2918
654	2919
654	2985
654	2986
654	2987
654	3470
654	3471
654	3472
654	3473
654	4162
654	4163
654	4164
654	4166
2336	545
2336	2337
2336	2338
2336	2339
2336	2340
2336	2341
2336	2342
2336	2343
2336	2849
2336	3515
2336	3542
2336	3552
2336	3760
2336	3899
2336	3900
2336	3901
2336	4045
2610	3675
2799	683
2799	767
2799	780
2799	884
2799	2796
2799	2797
2799	2798
2799	2800
2799	2859
2799	2912
2799	2918
2799	2919
2799	2985
2799	2986
2799	2987
2799	3289
2799	3470
2799	3471
2799	3472
2799	3473
2799	4164
2849	2989
2849	4045
2871	4192
2919	767
2919	780
2919	884
2919	2797
2919	2798
2919	2800
2919	2918
2919	3472
2919	3473
4166	4163
4192	23
4192	3770
111	449
111	687
111	732
111	856
111	872
111	1322
111	1323
111	1324
111	1325
111	1326
111	1327
111	1328
111	1329
111	1330
111	1331
111	1332
111	1333
111	1334
111	1335
111	1336
111	1337
111	1338
111	1339
111	1340
111	3109
111	3110
111	3111
111	3112
111	3816
111	3817
111	3818
111	3819
269	126
269	669
269	762
269	2179
269	2753
269	2758
269	2760
269	2761
269	2927
327	60
327	228
327	328
327	700
327	810
327	890
327	2910
327	3568
327	4013
327	4029
361	513
361	1676
361	1677
361	1678
361	1679
361	1680
361	3261
361	3262
361	3263
510	390
510	588
510	1001
510	4171
510	2308
510	2309
510	2310
510	2311
510	2312
510	2313
510	2770
510	2771
513	1676
513	1677
513	1678
513	1679
1333	872
1635	1634
1635	1636
1635	1637
1635	1638
3030	3898
29	707
29	751
29	812
29	867
29	2322
29	2323
29	2324
29	2325
29	2326
29	2327
29	3535
29	3536
35	60
48	1515
153	289
153	801
153	879
153	977
153	978
153	979
153	2464
153	2465
153	2466
153	4024
153	4143
153	4144
153	4145
153	4146
153	4147
153	4148
153	4149
153	4150
751	812
751	2323
751	2324
5	941
5	2344
5	2345
5	2346
5	2347
5	2348
59	680
59	726
59	727
59	773
59	781
59	792
59	803
59	827
59	829
59	860
59	1451
59	1452
59	1453
59	1454
59	1455
59	1456
59	1457
59	1458
59	2828
59	3177
59	3178
59	3179
59	3180
59	3181
59	3781
59	3782
945	944
945	1001
945	3348
945	3349
945	3350
945	3351
1001	449
1001	390
1001	588
1001	590
1001	999
1001	1000
1001	3750
3750	2770
3750	2771
3760	3776
3760	3899
3760	3900
3760	3901
3900	3899
535	345
535	346
535	567
535	1154
535	2913
567	2913
567	3026
851	539
851	87
851	345
851	346
851	2731
851	2732
1109	475
1109	1111
1615	1614
1615	3240
1615	3241
1615	3242
1615	3798
1615	3799
1615	3800
1615	3801
2913	555
2913	431
2913	3324
2913	3325
2913	3326
2913	3327
2913	3328
2913	3914
2913	3915
71	4120
300	85
300	168
300	408
300	531
300	607
300	1480
300	1482
300	1483
300	1484
300	1485
300	1486
300	1895
300	1896
300	2638
300	2639
389	625
389	407
389	1898
389	1899
389	1900
389	1901
389	1902
389	1903
389	1904
389	1905
389	1906
389	1907
389	1908
389	1909
389	1910
389	1911
389	1912
449	732
449	390
449	588
449	590
449	976
449	999
449	1000
449	1325
449	1326
449	1327
449	3111
491	689
491	425
491	498
491	534
491	554
491	1845
491	1846
491	1847
491	2488
491	2489
498	229
498	378
498	1731
498	2488
498	2489
545	2341
545	2878
545	3317
555	425
555	507
555	1027
555	1028
555	1029
555	1030
555	1031
555	1032
555	1033
555	1034
555	1035
555	1036
555	3324
555	3325
555	3326
555	3327
555	3328
555	4193
555	4194
555	4195
555	4196
555	4197
555	4198
555	4199
555	4200
555	4201
883	4020
1896	607
1896	1895
1898	1899
1898	1900
1898	1901
1898	1903
1899	625
1899	1900
1899	1901
1899	1902
1899	1903
1899	1904
1901	625
1901	1900
1901	1902
1901	1903
1901	1904
1903	1900
1903	1902
1903	1904
2488	2489
3324	3325
3324	3326
3324	3327
3324	3328
3325	3326
3325	3327
3325	3328
3326	3327
3326	3328
3327	3328
3913	886
3914	3915
4045	2989
390	436
390	588
390	589
390	590
390	999
390	1000
390	2770
390	2771
436	588
436	590
436	459
436	609
436	589
436	1649
436	1650
436	1651
436	1652
436	2096
436	3243
436	3244
436	3245
436	3246
500	2389
500	2390
500	2395
500	2396
500	2398
588	439
588	459
588	522
588	589
588	590
588	609
588	731
588	999
588	1577
588	1578
588	1579
588	1580
588	1581
588	1582
588	1583
588	1584
588	1585
588	1586
588	1587
588	1588
588	1649
588	1650
588	1651
588	1652
588	2096
588	2558
588	2559
588	2560
588	2770
588	2771
588	3558
588	3559
588	3560
588	3561
588	3562
588	3563
588	3565
588	3566
589	590
589	459
589	609
589	1649
589	2096
590	459
590	522
590	609
590	999
590	1649
590	2096
590	3558
590	3559
590	3560
590	3561
590	3563
590	3565
590	3566
999	1000
1312	367
1312	3200
1312	3201
2389	2390
2389	2391
2389	2394
2389	2395
2389	2396
2389	2397
2389	2398
2390	2391
2390	2394
2390	2395
2390	2396
2390	2397
2390	2398
2395	2396
2395	2398
2396	2398
2770	2771
367	3102
367	368
367	365
367	473
367	642
367	1301
367	1302
367	1303
367	1304
367	1305
367	1306
367	1307
367	1308
367	1309
367	1310
367	1311
367	1313
367	1314
367	1315
367	1316
367	1317
367	2924
367	3099
367	3100
367	3101
367	3103
367	3264
368	473
368	1301
368	1302
368	1303
368	1304
368	1305
368	1306
368	1307
368	1308
368	1309
368	1310
368	2924
368	3099
368	3100
368	3101
368	3264
3099	2924
3099	3100
3099	3101
3100	2924
3100	3101
3101	2924
214	15
214	1461
487	33
487	524
487	1556
487	1557
487	1558
487	2146
487	2147
487	2148
487	2149
487	2150
487	2193
1461	1462
1461	1463
1461	1464
1462	1463
1462	1464
1463	1464
2927	507
2927	789
2927	2179
2927	2180
2927	2181
2927	3466
341	2576
341	2577
341	2578
341	2579
341	3624
341	3625
2910	3568
2308	2309
2308	2310
2308	2311
2308	2312
2308	2313
2310	2309
2310	2311
2310	2312
2310	2313
2311	2312
2312	2309
2312	2313
284	83
284	446
284	291
284	23
284	98
284	67
284	85
284	168
284	216
284	267
284	292
284	338
284	481
284	576
284	617
284	624
284	625
284	644
284	652
284	770
284	799
284	805
284	1082
284	1231
284	1725
284	1726
284	1859
284	1860
284	1866
284	1867
284	1868
284	2415
284	2416
284	3312
284	3313
284	4265
284	4388
284	4389
770	83
770	446
770	23
770	292
770	338
770	481
770	576
770	617
770	85
770	168
770	624
770	1231
770	1363
770	1725
770	1726
770	3312
770	3313
770	4265
770	4390
3312	3313
522	2363
522	2864
522	2865
522	2866
522	2867
522	2868
522	2909
522	3017
522	3018
522	3424
522	3427
522	3428
522	3429
522	3558
522	3559
522	3560
522	3561
522	3562
522	3563
522	3564
522	3565
522	3566
2918	767
2918	780
2918	884
2918	2797
2918	2798
2918	2800
2918	3472
2918	3473
2950	2948
2950	2949
2950	3928
2950	3929
2950	3930
2950	3931
2950	3932
3928	3929
3928	3930
3928	3931
3928	3932
3929	3930
3929	3931
3929	3932
3930	3931
3930	3932
3931	3932
345	346
345	1154
345	2028
345	3951
345	3952
346	1154
346	2028
346	3951
346	3952
346	3953
346	3954
503	717
503	1054
503	2749
503	2750
503	2751
503	3748
625	195
625	245
625	246
625	621
625	1642
625	468
625	479
625	420
625	67
625	81
625	85
625	168
625	267
625	298
625	469
625	624
625	630
625	754
625	796
625	799
625	1231
625	1900
625	1902
625	1904
625	2412
625	2413
625	2414
625	2415
625	2416
625	2636
625	2763
625	2764
625	2765
625	2766
625	3460
625	3461
625	3462
625	3463
625	3464
625	3465
1900	1904
1902	1904
2349	2350
2925	2989
2925	3457
2925	3458
4229	4230
154	282
154	393
154	3997
154	4005
154	4027
154	4210
154	4217
154	4218
154	4219
154	4220
2352	2353
2352	2357
2352	2358
2352	2359
2352	3553
2352	3554
2352	3555
2352	3556
2353	2357
2353	2358
2353	2359
2353	3553
2353	3554
2353	3555
2353	3556
2357	2358
2357	2359
2357	3553
2357	3554
2357	3555
2357	3556
2358	2359
2358	3553
2358	3554
2358	3555
2358	3556
2359	3553
2359	3554
2359	3555
2359	3556
3553	3554
3553	3555
3553	3556
3554	3555
3554	3556
3555	3556
3314	3318
3318	3315
3318	3316
1253	1254
1253	1255
1253	1256
1254	1255
1254	1256
1257	1258
645	481
645	617
645	2594
645	541
645	542
645	464
645	549
645	601
645	605
645	636
645	1198
645	1199
645	1200
645	1201
645	1202
645	1203
645	1204
645	1205
645	3061
645	3062
645	3063
645	3933
645	3934
645	4366
645	4367
645	4368
645	4369
645	4370
645	4371
645	4372
645	4373
645	4374
645	4375
424	2257
424	2258
424	2259
424	2260
424	2261
424	2262
424	2263
424	2264
424	2265
2257	2258
2257	2259
2257	2260
2257	2261
2257	2262
2257	2263
2257	2264
2257	2265
2258	2259
2258	2260
2258	2261
2258	2262
2258	2263
2258	2264
2258	2265
2259	2260
2259	2261
2259	2262
2259	2263
2259	2264
2259	2265
2260	2261
2260	2262
2260	2263
2260	2264
2260	2265
2261	2262
2261	2263
2261	2264
2261	2265
2262	2263
2262	2264
2262	2265
2263	2264
2263	2265
2264	2265
1	83
1	377
1	446
1	735
1	777
1	779
1	794
1	836
1	2623
1	2624
1	2625
1	2708
1	2709
1	2710
1	2711
1	2712
1	2714
1	2715
1	2716
1	3731
1	3732
1	3733
1	3734
1	3735
1	3736
1	3737
1	3738
1	3791
1	3792
83	23
83	98
83	291
83	292
83	338
83	446
83	457
83	462
83	475
83	480
83	481
83	576
83	606
83	617
83	644
83	805
83	836
83	1085
83	1088
83	1089
83	1090
83	1091
83	1363
83	1516
83	1722
83	1723
83	1724
83	1725
83	1726
83	1729
83	1859
83	1860
83	1866
83	1867
83	1868
83	2220
83	2221
83	2222
83	2223
83	2224
83	2225
83	2226
83	2879
83	2911
83	3094
83	3095
83	3097
83	3098
83	3184
83	3185
83	3186
83	3187
83	3188
83	3189
83	3190
83	3191
83	3300
83	3301
83	3488
83	3489
83	3671
83	3672
83	3673
83	3674
83	3822
83	3823
83	3824
83	3825
83	3826
83	3827
83	3828
83	4025
83	4262
83	4263
83	4265
83	4266
83	4268
377	446
377	735
377	777
377	779
377	794
377	836
377	2623
377	2624
377	2625
377	2710
377	2711
377	2712
377	2714
377	3692
377	3693
377	3694
377	3695
377	3731
377	3732
377	3733
377	3734
377	3735
377	3738
446	23
446	85
446	98
446	168
446	291
446	292
446	338
446	481
446	576
446	617
446	624
446	644
446	836
446	1085
446	1088
446	1090
446	1091
446	1218
446	1231
446	1722
446	2911
446	3094
446	3098
446	4262
446	4264
446	4265
446	4266
446	4267
446	4268
735	216
735	777
735	779
735	794
735	2708
735	2709
735	2710
735	2711
735	2712
735	2714
735	2715
735	2716
735	3731
735	3732
735	3733
735	3734
735	3735
735	3738
777	779
777	794
777	2710
777	2711
777	2712
777	2714
777	3731
777	3732
777	3733
777	3734
777	3735
777	3738
779	794
779	2708
779	2709
779	2710
779	2711
779	2712
779	2714
779	2715
779	2716
779	3731
779	3732
779	3733
779	3734
779	3735
779	3738
779	3791
779	3792
794	216
794	2708
794	2710
794	2711
794	2712
794	2714
794	2715
794	2716
794	3731
794	3732
794	3733
794	3734
794	3735
794	3738
794	3791
794	3792
836	23
836	292
2623	2624
2623	2625
2623	3692
2623	3693
2623	3694
2623	3695
2624	2625
2624	3692
2624	3693
2624	3694
2624	3695
2708	216
2708	2709
2708	2710
2708	2711
2709	216
2709	2710
2709	2711
2710	216
2710	2711
2710	2712
2710	2714
2710	3731
2710	3732
2710	3733
2710	3734
2710	3735
2710	3738
2711	216
2711	2712
2711	2714
2711	2715
2711	2716
2711	3731
2711	3732
2711	3733
2711	3734
2711	3735
2711	3738
2712	2713
2712	2714
2712	3731
2712	3732
2712	3733
2712	3734
2712	3735
2712	3738
2714	2715
2714	2716
2714	3731
2714	3732
2714	3733
2714	3734
2714	3735
2714	3738
2714	3791
2714	3792
3731	3732
3731	3733
3731	3734
3731	3735
3731	3738
3731	3791
3731	3792
3732	3733
3732	3734
3732	3735
3732	3738
3732	3791
3732	3792
3733	3734
3733	3735
3733	3738
3734	3735
3734	3738
3735	3738
3791	3792
23	291
23	98
23	292
23	338
23	481
23	576
23	617
23	644
23	718
23	782
23	805
23	809
23	1081
23	1082
23	1083
23	1084
23	1085
23	1086
23	1087
23	1088
23	1089
23	1090
23	1091
23	1092
23	1725
23	1859
23	1860
23	1866
23	1867
23	1868
23	3019
23	3020
23	3770
23	3808
23	3809
23	3810
23	4259
23	4260
23	4261
23	4262
23	4263
23	4264
23	4265
23	4266
23	4267
23	4268
23	4269
23	4270
23	4271
23	4272
98	291
98	64
98	65
98	218
98	292
98	644
98	1091
98	1859
98	1860
98	1861
98	1862
98	1863
98	1864
98	1865
98	1866
98	1867
98	1868
98	2222
98	3095
98	4044
291	292
291	325
291	457
291	644
291	1715
291	1716
291	1859
291	1860
291	1866
291	1867
291	1868
291	2222
291	3092
291	3093
291	3094
291	3095
291	3096
291	3097
291	3098
292	72
292	338
292	457
292	462
292	480
292	576
292	606
292	644
292	1363
292	1723
292	1725
292	1726
292	1859
292	1860
292	1866
292	1867
292	1868
292	2220
292	2221
292	2222
292	2223
292	2224
292	3094
292	3095
292	3097
292	3671
292	3672
292	3673
292	3674
338	462
338	481
338	576
338	617
338	691
338	1091
338	1363
338	1722
338	1723
338	1724
338	1725
338	1726
338	1727
338	1728
338	1729
338	2220
338	2222
338	2223
338	2224
338	2911
338	3300
338	3301
338	3302
338	3303
338	3304
338	3826
338	3827
338	3828
338	4265
457	92
457	329
457	382
457	468
457	711
457	894
457	512
457	761
457	2411
457	337
457	423
457	616
457	713
457	848
457	1617
457	1618
457	1619
457	1620
457	1621
457	1622
457	1623
457	1624
457	1625
457	1626
457	1627
457	1628
457	1629
457	1630
457	1631
457	1632
457	1633
457	2408
457	2410
457	3369
457	3370
457	3371
462	576
462	644
462	99
462	606
462	2220
462	2222
462	2223
462	2224
475	379
475	550
475	848
475	980
475	984
475	985
475	986
475	987
475	1111
475	4151
475	4152
480	644
480	1363
480	3672
480	3673
480	3674
481	181
481	275
481	541
481	542
481	576
481	605
481	617
481	618
481	636
481	939
481	940
481	2861
481	2917
481	4368
481	4369
576	92
576	135
576	306
576	337
576	350
576	380
576	382
576	410
576	468
576	508
576	512
576	582
576	600
576	603
576	606
576	617
576	644
576	661
576	673
576	713
576	1300
576	1445
576	1446
576	1447
576	1725
576	1726
576	2220
576	2222
576	2223
576	2224
576	2408
576	3651
576	3652
576	4025
606	455
606	2223
617	181
617	275
617	541
617	542
617	605
617	618
617	636
617	939
617	940
617	2861
617	2917
617	4368
617	4369
644	1363
644	1859
644	1860
644	1866
644	1867
644	1868
644	2220
644	2222
644	2223
644	3095
644	3672
644	3673
644	3674
805	718
805	782
805	1081
805	1082
805	1084
805	1085
805	1088
805	1089
805	1090
805	4262
805	4266
1085	1084
1085	1088
1085	1090
1085	3020
1085	3770
1085	4262
1085	4263
1085	4264
1085	4265
1085	4266
1085	4267
1085	4268
1088	1089
1088	1090
1088	4262
1088	4263
1089	1084
1089	1090
1089	4262
1090	1084
1090	4262
1090	4263
1090	4264
1090	4265
1090	4266
1090	4267
1090	4268
1091	2911
1091	3770
1091	3808
1091	3809
1091	3810
1363	1725
1363	72
1363	671
1363	686
1363	889
1363	1362
1363	1723
1363	1726
1363	3113
1363	3114
1363	3115
1363	3116
1363	3117
1363	3118
1363	3119
1363	3671
1363	3672
1363	3673
1363	3674
1516	12
1516	2879
1516	3184
1516	3185
1516	3186
1516	3187
1516	3188
1516	3189
1516	3190
1516	3191
1722	1725
1722	1723
1722	1724
1722	1726
1722	2911
1722	3300
1722	3301
1723	1725
1723	1724
1723	1726
1724	1725
1724	1726
1724	3300
1724	3301
1725	1726
1726	4025
1859	1860
1859	1866
1859	1867
1859	1868
1860	1866
1860	1867
1860	1868
1866	1867
1866	1868
1867	1868
2220	2223
2222	2223
2222	3095
2224	3674
2224	3822
2224	3823
2224	3824
2224	3825
2224	3826
2224	3827
2224	3828
2879	3184
2879	3185
2879	3186
2879	3187
2879	3188
2879	3189
2879	3190
2879	3191
2911	4265
3184	3185
3184	3186
3184	3187
3184	3188
3184	3189
3184	3190
3184	3191
3185	3186
3185	3187
3185	3188
3185	3189
3185	3190
3185	3191
3186	3187
3186	3188
3186	3189
3186	3190
3186	3191
3187	3188
3187	3189
3187	3190
3187	3191
3188	3189
3188	3190
3188	3191
3189	3190
3189	3191
3190	3191
3300	3301
3671	3672
3672	3673
3673	3674
3674	3822
3674	3823
3674	3824
3674	3825
3674	3826
3674	3827
3674	3828
3822	3823
3822	3824
3822	3825
3822	3826
3822	3827
3822	3828
3823	3824
3823	3825
3823	3826
3823	3827
3824	3825
3824	3826
3824	3827
3824	3828
3825	3826
3825	3827
3825	3828
3826	3827
3826	3828
3827	3828
4025	2594
4025	2589
4025	2590
4025	2595
4262	1084
4262	4263
4263	1084
4265	4264
4265	4266
4265	4267
4265	4268
4266	4267
4266	4268
4268	4267
3692	3693
3692	3694
3693	3694
3693	3695
3694	3695
85	471
85	67
85	106
85	168
85	181
85	216
85	247
85	267
85	275
85	484
85	515
85	530
85	561
85	624
85	639
85	652
85	722
85	728
85	799
85	1218
85	1219
85	1220
85	1221
85	1222
85	1223
85	1224
85	1225
85	1226
85	1227
85	1228
85	1229
85	1230
85	1231
85	2415
85	2416
85	2636
85	2637
85	2638
85	2639
85	2640
85	2641
85	2642
85	2767
85	2818
85	2819
85	3083
85	3084
85	4388
85	4389
85	4390
85	4391
85	4392
85	4393
168	471
168	67
168	106
168	181
168	216
168	247
168	267
168	275
168	484
168	515
168	561
168	624
168	639
168	722
168	728
168	799
168	1218
168	1219
168	1220
168	1221
168	1222
168	1229
168	1230
168	1231
168	2415
168	2416
168	2636
168	2637
168	2638
168	2639
168	2640
168	2641
168	2642
168	2767
168	2818
168	3083
168	3084
168	4388
168	4389
624	195
624	245
624	621
624	1642
624	67
624	267
624	106
624	216
624	484
624	515
624	561
624	639
624	652
624	722
624	728
624	799
624	1218
624	1221
624	1229
624	1230
624	1231
624	2415
624	2416
624	2767
624	3083
624	3084
624	3460
624	3461
624	4390
624	4391
624	4392
1218	728
1231	195
1231	245
1231	621
1231	1642
1231	479
1231	67
1231	267
1231	469
1231	799
1231	2415
1231	2416
1231	3460
1231	3461
1231	4390
1231	4391
1231	4392
1231	4393
4264	1084
216	144
216	241
216	140
216	236
216	267
216	799
216	305
216	630
216	279
216	728
216	1690
216	1692
216	4388
216	4389
2156	2157
118	3970
399	400
399	1215
399	1216
399	1217
399	1795
399	1796
399	2831
399	2850
399	2851
399	3330
399	3331
399	3332
1215	1216
1215	1217
1216	1217
147	1398
147	2094
147	3144
147	3145
147	3146
147	3147
147	3148
147	3149
147	3150
147	3151
459	609
459	731
459	1577
459	1578
459	1579
459	1580
459	1581
459	1582
459	1583
459	1584
459	1585
459	1586
459	1587
459	1588
459	1649
459	2096
609	731
609	1577
609	1578
609	1579
609	1580
609	1581
609	1582
609	1583
609	1584
609	1585
609	1586
609	1587
609	1588
609	1589
609	1590
609	1591
609	1592
609	1649
609	2096
731	1577
731	1578
731	1579
731	1580
731	1581
731	1582
731	1583
731	1584
731	1585
731	1586
731	1587
731	1588
1577	1578
1577	1579
1577	1580
1577	1581
1577	1582
1577	1583
1577	1584
1577	1585
1577	1586
1577	1587
1577	1588
1578	1579
1578	1580
1578	1581
1578	1582
1578	1583
1578	1584
1578	1585
1578	1586
1578	1587
1578	1588
1579	1580
1579	1581
1579	1582
1579	1583
1579	1584
1579	1585
1579	1586
1579	1587
1579	1588
1580	1581
1580	1582
1580	1583
1580	1584
1580	1585
1580	1586
1580	1587
1580	1588
1581	1582
1581	1583
1581	1584
1581	1585
1581	1586
1581	1587
1581	1588
1582	1583
1582	1584
1582	1585
1582	1586
1582	1587
1582	1588
1583	1584
1583	1585
1583	1586
1583	1587
1583	1588
1584	1585
1584	1586
1584	1587
1584	1588
1585	1586
1585	1587
1585	1588
1586	1587
1586	1588
1587	1588
1587	3031
1587	3032
1587	3033
1587	3034
3	220
3	808
3	820
3	864
3	1497
3	1498
3	1499
3	3202
220	11
220	288
220	317
220	820
220	1869
220	1870
808	820
808	864
808	1498
808	3202
820	864
820	1498
820	3202
864	1499
864	3202
1497	1498
11	288
11	317
11	592
11	1069
11	1072
11	1073
11	1869
11	1870
11	1871
11	1872
11	1873
11	3388
288	317
288	1869
288	1870
317	1869
317	1870
1869	1870
149	331
149	417
149	434
149	742
149	2121
149	2601
149	2617
149	2618
149	2619
149	2620
149	2621
149	2622
693	383
813	183
813	290
813	304
813	551
813	1669
813	1670
813	3990
3773	3774
3773	3775
3773	3966
3775	3966
32	245
32	621
32	1642
32	136
32	68
32	141
32	144
32	241
32	382
32	383
32	392
32	442
32	452
32	460
32	468
32	479
32	516
32	538
32	646
32	711
32	797
32	858
32	894
32	1010
32	1011
32	1012
32	1013
32	1014
32	1015
32	1299
32	1300
32	1897
32	2299
32	2300
32	2301
32	2302
32	3513
32	4174
32	4175
136	89
136	141
136	241
136	247
136	265
136	442
136	479
136	1222
136	1787
136	1788
136	1789
136	1790
136	1791
136	1792
136	2299
136	2300
136	2301
136	2302
136	2905
136	2906
136	3320
136	3321
136	3322
136	3513
136	3875
136	3975
265	89
265	310
265	778
265	1050
265	1051
265	1052
265	1053
265	1879
265	1880
265	1881
265	1882
265	4227
455	692
455	725
455	2234
455	2235
455	2236
455	2237
455	2238
455	2239
455	2240
455	2241
455	2242
455	2243
455	2244
455	2245
455	2246
455	2247
455	2248
455	2249
455	2250
455	2251
455	2252
455	2253
455	2254
455	2255
471	181
471	465
471	546
471	1683
471	1684
723	143
723	177
723	278
723	532
723	533
723	546
723	550
723	928
723	929
859	1661
859	3250
929	177
929	278
929	532
929	533
929	546
929	928
2240	692
2240	725
2240	2237
2240	2239
2240	2241
22	289
22	772
22	807
22	2555
22	2556
22	2557
172	319
172	1492
172	1493
172	1494
172	1495
172	1496
546	177
546	278
546	465
546	532
546	533
546	928
546	1169
546	1170
546	1171
546	1172
546	1173
546	1174
546	1175
546	1684
1492	1493
183	1162
183	1163
183	1164
183	1165
183	1166
183	1167
290	304
290	602
290	1669
290	1681
290	3266
290	3990
304	150
304	551
304	1669
304	1670
1667	1669
1669	1670
150	302
150	1758
150	1759
150	1760
150	4027
640	1429
640	1430
640	1431
2749	2750
2749	2751
2750	2751
2750	3748
417	434
417	822
417	1002
417	1003
417	1004
417	1005
417	1006
417	2114
417	2115
417	2116
417	2117
417	2118
417	2119
417	2121
417	2990
417	2991
434	382
434	383
434	392
434	711
434	894
434	1299
434	1300
434	433
434	742
434	1297
434	2121
434	2601
434	3588
434	3589
434	3590
742	2601
2617	2618
2617	2619
2617	2620
2617	2621
2617	2622
2618	2619
2618	2620
2618	2621
2618	2622
2619	2620
2619	2621
2619	2622
2620	2621
229	38
229	42
229	285
229	378
229	1103
229	1365
229	1731
229	1732
285	1103
286	1104
286	4298
467	415
467	443
467	572
467	630
467	674
467	1694
467	1848
467	1849
467	1850
467	1851
467	1852
467	1853
467	1854
467	1855
467	1856
467	1857
467	1858
467	3377
467	3378
467	3379
467	3380
467	3381
467	3382
467	3383
467	3384
467	3385
467	3386
467	3387
467	3454
1102	1103
383	382
383	392
383	423
383	479
383	616
383	711
383	894
383	1297
383	1298
383	1299
383	1300
941	942
941	943
2344	2345
2344	2346
2344	2347
2344	2348
2345	2346
2346	2347
2347	2348
942	943
6	92
6	494
6	568
6	635
6	972
6	973
6	974
6	975
6	2409
6	4134
6	4135
6	4136
6	4137
6	4138
92	140
92	245
92	246
92	306
92	381
92	415
92	423
92	460
92	468
92	512
92	616
92	630
92	691
92	1286
92	1287
92	1617
92	1619
92	1620
92	1621
92	1622
92	1625
92	1626
92	1875
92	1876
92	1878
92	2408
92	2409
92	2410
92	2411
92	2693
92	3885
92	3886
92	3887
92	3888
494	405
494	568
494	635
494	972
494	975
494	2455
494	2456
494	2457
494	2458
494	2459
494	2460
494	2461
494	4134
494	4135
494	4136
494	4137
494	4138
568	344
568	474
568	635
568	972
568	975
568	2611
568	2612
568	2613
568	2614
568	2615
568	2616
568	4134
568	4135
568	4136
568	4137
568	4138
635	972
635	975
635	4134
635	4135
635	4137
635	4138
972	975
972	4134
972	4135
972	4136
972	4137
972	4138
975	4135
975	4137
975	4138
2409	306
2409	468
2409	2408
4134	4135
4134	4136
4134	4137
4134	4138
4135	4136
4135	4137
4135	4138
4136	4137
4136	4138
4137	4138
125	173
125	255
125	273
125	277
125	384
125	406
125	619
125	846
125	1044
125	1093
125	1459
125	1460
125	2692
125	2844
125	2845
125	2846
125	2847
125	2848
125	2908
125	3021
125	3182
125	3234
125	3235
125	3576
125	3577
125	3578
125	3786
125	4006
173	255
173	273
173	2495
173	2496
173	2497
173	2498
173	2908
173	3234
173	3235
173	3604
173	3605
255	273
255	277
255	384
255	619
255	1459
255	1460
255	2692
255	2908
255	3182
255	3234
255	3235
255	3604
255	3605
255	4006
273	3234
277	384
277	619
277	1459
277	1460
277	2692
277	2848
277	3182
277	3786
277	4006
306	144
306	241
306	468
306	479
306	49
306	236
306	253
306	254
306	1698
306	1699
306	2408
384	385
384	406
384	421
384	846
384	1043
384	1044
384	1045
384	1093
384	2173
384	2174
384	2692
384	2908
384	3258
384	3260
384	4006
384	4273
406	385
406	421
406	846
406	1043
406	1044
406	1093
406	1094
406	1095
406	1096
406	2174
406	2908
406	3021
406	3258
406	3259
406	3260
406	4273
452	68
452	797
452	1008
452	1010
452	1013
452	1014
452	1015
452	1016
452	2687
452	2688
452	2689
452	2691
452	2992
452	2993
452	3848
452	3849
452	3853
452	3854
452	3855
452	4006
452	4040
468	245
468	246
468	621
468	1642
468	68
468	144
468	241
468	442
468	460
468	49
468	67
468	423
468	469
468	479
468	516
468	538
468	616
468	630
468	646
468	797
468	858
468	1010
468	1011
468	1012
468	1013
468	1233
468	1300
468	1566
468	1567
468	1696
468	2408
468	2410
468	2411
468	2412
468	2414
468	2415
468	2416
468	2829
468	3297
468	3869
468	4174
468	4175
512	382
512	337
512	350
512	364
512	582
512	600
512	673
512	713
512	761
512	1445
512	1446
512	1447
512	1448
512	1511
512	1512
512	2693
619	520
619	761
619	1242
619	1243
619	1244
619	1247
619	1248
619	1251
619	1459
619	1460
619	2855
619	3042
619	3043
619	3044
619	3045
619	3046
619	3182
761	382
761	106
761	135
761	337
761	352
761	502
761	582
761	628
761	713
761	745
761	1373
761	1374
761	1375
761	1472
761	1511
761	1512
761	1689
761	2651
761	2838
761	2854
761	2855
761	2870
761	2880
761	3042
846	1044
846	1093
846	1094
846	2908
846	3258
846	3259
846	3260
846	4273
2411	423
2411	2408
2411	2410
2496	2495
2496	2497
2496	2498
2687	2691
2687	4006
2687	4040
2688	68
2688	797
2688	2689
2688	2992
2688	2993
2689	68
2689	797
2689	2992
2689	2993
2691	4006
2691	4040
2692	4006
4006	4040
140	245
140	144
140	241
140	442
140	49
140	236
140	267
140	279
140	305
140	415
140	443
140	572
140	618
140	630
140	674
140	1690
140	1691
140	1692
140	1693
140	1694
140	1695
140	1699
140	2036
140	2037
140	2038
140	2039
140	2631
140	3756
245	227
245	10
245	70
245	114
245	195
245	196
245	210
245	240
245	67
245	144
245	241
245	246
245	267
245	271
245	415
245	442
245	443
245	469
245	470
245	479
245	516
245	527
245	538
245	572
245	621
245	630
245	646
245	674
245	691
245	784
245	785
245	799
245	839
245	925
245	1282
245	1283
245	1284
245	1285
245	1286
245	1287
245	1299
245	1642
245	2414
245	2415
245	2416
245	2630
245	2834
245	3460
245	3461
245	4071
245	4072
245	4079
246	227
246	10
246	70
246	114
246	195
246	196
246	210
246	240
246	463
246	469
246	596
246	630
246	691
246	1282
246	1286
246	1287
246	2412
246	2414
246	2415
246	2416
246	3699
246	3700
246	3701
246	3703
381	460
381	1875
381	1876
381	1877
381	1878
415	90
415	181
415	443
415	527
415	572
415	618
415	630
415	674
415	784
415	785
415	839
415	1694
415	2630
415	2631
415	3377
415	3378
415	3381
415	3382
415	3383
415	3756
415	3757
415	3762
415	3892
415	3935
415	3936
415	3960
415	3961
415	3962
415	3963
423	382
423	392
423	711
423	894
423	1299
423	1300
423	616
423	1297
423	1298
423	2408
423	2410
460	621
460	1642
460	144
460	241
460	382
460	442
460	74
460	380
460	479
460	538
460	661
460	1300
460	1875
460	1876
460	1878
460	2853
460	3438
616	382
616	392
616	711
616	894
616	1299
616	1300
616	337
616	1512
616	2408
616	2410
630	241
630	236
630	267
630	469
630	2414
630	2415
630	305
630	90
630	181
630	279
630	443
630	572
630	618
630	674
630	784
630	1690
630	1691
630	1692
630	1694
630	1695
630	1852
630	1853
630	1854
630	1855
630	1857
630	1858
630	2036
630	2037
630	2038
630	2039
630	2631
630	3377
630	3378
630	3381
630	3382
630	3383
630	3756
630	3757
630	3762
630	3892
630	3935
630	3936
630	3960
630	3961
630	3962
630	3963
691	1286
691	1287
1286	1282
1286	1283
1286	1284
1286	1287
1617	1620
1619	1620
1619	1621
1619	1622
1619	1626
1620	1621
1620	1622
1620	1626
1621	1622
1621	1626
1622	1626
1625	1623
1625	1624
1625	1626
1875	1876
1875	1877
1875	1878
1876	1878
3885	3886
3885	3887
3885	3888
3886	3887
3886	3888
3887	3888
405	2454
405	2455
405	2456
405	2457
405	2458
405	2459
405	2460
405	2461
405	2462
405	2463
2455	2456
2455	2457
2455	2458
2455	2460
2456	2457
2456	2459
2457	2458
2457	2459
2457	2460
2457	2461
2458	2454
2458	2459
2458	2460
2458	2462
2459	2454
2459	2460
2459	2462
2459	2463
2460	2462
344	93
344	474
344	662
344	2611
344	2612
344	2613
344	2614
344	2615
344	2616
344	2839
344	3676
344	3677
344	3678
344	3679
474	662
474	2612
474	2613
474	2615
2611	662
2611	2612
2611	2613
2611	2614
2611	2615
2611	2616
2612	2613
2612	2615
2613	3677
2613	2614
2613	2615
2613	2616
2613	2839
2613	3676
2613	3678
2613	3679
2614	2615
2614	2616
2614	2839
2615	662
7	227
7	259
7	509
7	681
7	719
7	739
7	755
7	834
7	854
7	865
7	866
7	1963
7	1964
7	1965
7	1966
7	1967
7	1968
7	1969
7	1970
7	1971
7	1972
7	1973
7	1974
7	1975
7	1976
7	1977
7	3405
7	3406
7	3407
7	3408
7	3409
7	3410
7	3793
7	3794
7	3795
227	10
227	70
227	100
227	114
227	133
227	195
227	196
227	210
227	231
227	240
227	271
227	276
227	360
227	526
227	610
227	664
227	741
227	834
227	854
227	1428
227	1640
227	1641
227	1963
227	2003
227	2004
227	2005
227	2007
227	2543
227	2545
259	167
259	509
259	603
259	681
259	819
259	834
259	854
259	865
259	873
259	1963
259	1964
259	1965
259	2668
259	2669
259	2670
509	374
509	486
509	608
509	663
509	854
509	865
509	1735
509	1736
509	1737
509	1738
509	1963
509	1964
509	1966
509	1972
509	1976
509	2503
509	2504
509	2505
509	2506
509	2833
509	3607
509	3608
681	719
681	739
681	755
681	834
681	854
681	865
681	1964
681	1965
681	1970
681	1972
681	3406
681	3407
719	739
719	834
719	854
719	865
739	834
739	854
739	865
739	1964
739	1965
739	1970
739	1972
739	3406
739	3407
755	834
755	866
755	1967
755	1969
755	1971
834	854
834	865
834	866
834	1963
834	1964
834	1965
834	1966
834	1967
834	1969
834	1971
834	1972
834	1973
834	3405
854	865
854	1963
854	1964
854	1965
854	1966
854	1970
854	1972
854	1975
854	1976
854	1977
854	3406
854	3407
854	3408
854	3409
865	1963
865	1964
865	1965
865	1970
866	1969
866	1971
1963	1964
1964	1965
1964	1966
1965	1970
1965	1972
1965	3406
1969	1971
1970	1972
1970	3406
1970	3407
1970	3408
1970	3409
1972	1977
1972	3406
1972	3407
1972	3795
1974	1975
1974	1976
1975	1976
3406	3407
3406	3408
3406	3409
3406	3794
3406	3795
3407	3408
3407	3409
3407	3794
3407	3795
3408	3409
3408	3794
3408	3795
3794	3795
10	70
10	100
10	114
10	133
10	195
10	196
10	210
10	231
10	240
10	271
10	276
10	360
10	526
10	566
10	610
10	621
10	664
10	724
10	741
10	765
10	815
10	824
10	956
10	957
10	958
10	960
10	1640
10	1641
10	1642
10	1643
10	2003
10	2429
10	2430
10	2431
10	2432
10	2543
10	2545
10	2546
10	2547
10	3212
10	4132
70	100
70	114
70	195
70	196
70	210
70	231
70	240
70	271
70	276
70	360
70	566
70	610
70	741
70	1640
70	1641
70	2480
70	2481
70	2482
70	2543
70	2544
70	2545
70	2546
70	2547
70	2548
70	2549
70	2550
70	2551
70	2552
70	2553
70	2554
70	3974
100	114
100	195
100	196
100	210
100	231
100	240
100	271
100	276
100	299
100	353
100	360
100	566
100	597
100	610
100	724
100	741
100	804
100	815
100	824
100	1640
100	1641
100	2400
100	2417
100	2418
100	2419
100	2420
100	2421
100	2422
100	2423
100	2424
100	2425
100	2426
100	2427
100	2428
100	2429
100	2430
100	2431
100	2432
100	2543
100	2544
100	2545
100	2546
100	2547
100	3573
100	3574
100	3575
100	3882
100	3883
100	3884
100	3974
114	195
114	196
114	210
114	231
114	240
114	363
114	366
114	610
114	664
114	741
114	765
114	956
114	957
114	958
114	960
114	1640
114	2480
114	2481
114	2482
114	3594
114	3595
114	3596
114	3597
114	3838
114	3839
114	3840
114	3841
114	4130
114	4132
133	195
133	526
133	2003
133	2004
133	2005
133	2006
133	2007
195	67
195	196
195	210
195	231
195	240
195	267
195	271
195	276
195	360
195	526
195	610
195	621
195	724
195	741
195	799
195	824
195	1640
195	1641
195	1642
195	1643
195	1897
195	2003
195	2005
195	2415
195	2429
195	2480
195	2481
195	2482
195	2543
195	2636
195	3460
195	3461
196	210
196	231
196	240
196	271
196	276
196	360
196	566
196	610
196	1640
196	1641
196	2480
196	2481
196	2482
196	2543
196	2544
196	2545
196	2546
196	2547
196	3974
210	231
210	240
210	271
210	276
210	360
210	566
210	610
210	1640
210	1641
210	2480
210	2481
210	2482
210	2543
210	2544
210	2545
210	2546
210	2547
210	3974
231	360
231	724
231	1640
231	1641
231	3208
231	3209
231	3210
231	3211
231	3212
240	271
240	566
240	610
240	2546
271	276
271	566
271	610
271	2544
271	2545
271	2546
271	2547
271	3974
276	610
276	724
276	804
276	815
276	2426
276	2429
276	2544
276	2545
276	3974
360	1640
360	3208
360	3209
360	3210
360	3211
360	3212
526	664
526	1428
526	2003
526	2004
526	2005
610	363
610	366
610	664
610	765
610	956
610	957
610	958
610	959
610	960
610	961
610	962
610	2480
610	2545
610	2547
610	2554
610	2954
610	2955
610	2956
610	2957
610	2958
610	2959
610	2960
610	2961
610	2962
610	3763
610	4130
610	4131
610	4132
610	4133
664	765
664	956
664	957
664	958
664	959
664	960
664	1428
664	4130
664	4131
1640	1641
2003	2004
2003	2005
2003	2006
2003	2007
2004	2005
2004	2006
2545	2544
167	337
167	410
167	603
167	819
167	873
167	2660
167	2661
167	2662
167	2663
167	2664
167	2665
167	2668
167	2669
167	2670
167	2671
167	2672
603	337
603	410
603	370
603	380
603	819
603	873
603	1573
603	1574
603	2660
603	2661
603	2662
603	2663
603	2664
603	2665
603	2668
603	2669
603	2670
603	2671
819	873
819	2668
819	2669
819	2670
873	410
873	370
873	2668
873	2669
873	2670
873	2672
2668	2669
2668	2670
2669	2670
374	486
374	2880
374	608
374	663
374	757
374	1734
374	1735
374	1736
374	1737
374	1738
374	2506
374	2741
374	2743
374	2744
374	2745
374	2746
374	2875
374	2876
374	2877
374	2903
374	3543
374	3546
374	3550
486	58
486	608
486	663
486	757
486	1734
486	1735
486	1736
486	1737
486	1738
486	2280
486	2281
486	2282
486	2283
486	2284
486	2285
486	2287
486	2288
486	2504
486	2506
486	2741
486	2742
486	2743
486	2744
486	2745
486	2746
486	2875
486	2876
486	2877
486	2880
486	2903
486	3543
486	3546
486	3550
608	663
608	1735
608	1736
608	1737
608	1738
663	1735
663	1736
663	1737
663	1738
663	2503
663	2504
663	2505
663	2506
663	2743
663	2744
663	2745
663	2746
1735	1734
1735	1736
1735	1737
1735	1738
1736	1734
1736	1737
1736	1738
1737	1734
1737	1738
1738	1734
2503	2506
2503	2504
2503	2505
2503	2833
2503	3608
2504	2506
2504	2505
2504	2833
2504	3608
2505	2506
2505	2833
2505	3608
2506	2833
2833	3608
33	1556
33	1557
33	1558
33	1559
33	1560
33	1561
33	1562
33	1563
60	228
60	335
60	668
60	694
60	700
60	705
60	734
60	736
60	810
60	816
60	869
60	2097
60	2602
60	2603
60	2604
228	328
228	335
228	340
228	511
228	675
228	682
228	700
228	705
228	733
228	736
228	747
228	776
228	810
228	869
228	2097
228	3445
228	3766
328	810
328	4013
335	668
335	694
511	810
511	2588
511	3648
511	3649
665	758
665	2034
665	2035
682	810
694	668
694	734
694	816
694	2603
700	810
700	4013
700	4015
705	810
758	2034
758	2035
776	810
810	890
810	2098
810	3445
810	3766
810	3989
810	4013
810	4015
810	4029
3995	55
89	99
89	310
89	778
89	1050
89	1051
89	1052
89	1053
89	1055
89	1879
89	1880
89	1881
89	1882
89	4227
89	4238
310	778
310	1879
310	1880
310	1881
310	1882
151	3587
689	256
689	425
689	534
689	554
689	1027
689	1029
689	1031
689	1033
689	2628
689	2629
689	3346
689	3347
689	4198
689	4199
2645	2895
2645	2646
2645	2647
2645	2648
2645	2649
2645	2650
2645	3713
2645	3714
2646	2647
2646	2648
2646	2649
2646	2650
2647	2648
2647	2649
2647	2650
2648	2895
2648	2649
2648	2650
2648	3713
2648	3714
2649	2650
2895	3713
2895	3714
3713	3714
106	247
106	484
106	502
106	722
106	1373
106	1374
106	1375
106	2733
106	2734
106	2735
106	2736
106	2737
106	2738
106	2739
106	2740
106	3083
106	3084
143	177
143	278
143	532
143	533
143	2483
143	2484
143	2485
143	2486
143	2487
143	3598
177	278
177	453
177	532
177	620
177	817
177	928
177	1593
177	1594
177	1595
177	1596
177	1597
177	1598
177	1599
177	1600
177	1601
177	1602
177	1603
177	1604
177	1605
177	1606
177	1607
177	1608
177	1609
177	2052
177	2054
177	2055
177	2483
177	2484
177	2485
177	3232
177	3233
177	3777
177	3778
181	275
181	438
181	618
181	729
181	2637
181	2638
181	2639
181	2640
181	2832
181	3892
275	2636
275	2640
278	453
278	532
278	620
278	817
278	928
278	1593
278	1594
278	1595
278	1596
278	1597
278	1598
278	1599
278	1600
278	1601
278	1602
278	1603
278	1605
278	1606
278	1607
278	1608
278	1609
278	2052
278	2054
278	2055
278	3232
278	3233
278	3777
278	3778
313	814
313	184
313	2227
313	2228
313	2229
313	2230
313	2231
313	2232
313	2233
453	570
453	571
453	620
453	817
453	1593
453	1594
453	1595
453	1596
453	1597
453	1598
453	1599
453	1600
453	1601
453	1602
453	1603
453	1605
453	1606
453	1607
453	2054
453	2294
453	2295
453	2296
453	2297
453	3232
453	3233
453	3537
453	3538
453	3539
453	3540
453	3541
453	3777
453	3778
483	814
483	536
483	540
483	547
483	947
483	948
483	1874
483	2951
483	2952
483	2953
483	4121
502	1373
502	1374
502	1375
502	1376
502	3136
502	3137
502	3138
502	3139
502	3140
532	152
532	533
532	620
532	928
532	2483
532	2484
532	2485
532	2486
532	2487
532	2785
533	152
533	666
533	788
533	821
533	825
533	2785
533	3715
533	3716
533	3717
533	3718
536	386
536	814
536	540
536	547
536	947
536	948
536	1449
536	1450
536	1874
536	2490
536	2491
536	2492
536	2493
536	2951
536	2952
536	2953
536	4121
541	542
541	601
541	605
541	636
541	1199
541	4368
542	601
542	1199
542	4368
548	552
548	601
548	1662
548	1664
548	1665
622	99
622	3856
622	3866
729	2594
729	2590
729	2595
729	2600
729	2832
729	3129
729	3658
729	3659
729	3660
729	3661
729	3662
729	3663
850	3167
850	3168
850	3169
939	940
939	2861
939	2917
940	2861
940	2917
2832	3129
38	42
38	58
38	257
38	297
38	518
38	870
38	1365
38	1366
38	1367
38	1368
38	1369
38	1370
38	1371
38	1372
38	3130
38	3131
38	3132
38	3133
38	3134
38	3135
257	1372
1614	3240
1614	3798
1614	3799
1614	3800
1614	3801
620	2483
620	2484
620	2485
620	817
620	1594
620	1597
620	1600
620	1601
620	1602
620	1603
620	1605
620	1606
620	1607
620	1608
620	1609
620	2052
620	2054
620	2055
620	3232
620	3233
620	3777
620	3778
2484	2483
2484	2485
2484	2486
2484	2487
2484	3598
2485	2483
2485	2486
2485	2487
2901	2856
2901	2857
2901	3236
2901	3237
2901	3238
2901	3239
2901	3955
2901	3956
2901	3957
2901	3958
2901	3959
3611	3612
142	358
142	614
142	667
142	887
142	1259
142	1260
142	1261
142	1262
142	1263
142	1264
142	3759
142	4018
358	667
358	1259
358	1260
358	1261
358	2108
614	413
614	667
614	1260
614	1261
614	1839
614	1840
614	1841
614	2653
614	2654
614	2655
614	2656
614	2657
614	2658
614	2659
614	3375
614	3719
614	3720
614	3909
614	3910
614	3911
614	3912
667	887
667	1260
667	1261
667	1262
667	3759
667	4018
887	1259
887	1260
887	1261
887	1262
887	1264
887	3759
887	4018
1260	1261
1260	4018
1261	1259
1261	4018
4018	1259
4018	1262
4018	1264
4018	3759
3019	3020
3268	3271
3770	3808
3369	3370
3369	3371
3370	3371
337	382
337	711
337	894
337	582
337	661
337	713
337	1512
337	1571
337	1572
337	1573
337	1574
337	1575
337	1576
382	621
382	380
382	392
382	479
382	582
382	711
382	713
382	894
382	1299
382	1300
382	1511
382	1512
382	1513
382	1514
711	392
711	479
711	894
711	1297
711	1299
711	1300
711	1512
894	392
894	479
894	1297
894	1299
894	1300
894	1512
1512	582
1512	713
1623	1624
863	2158
2158	2159
2160	2161
566	445
566	597
566	1116
566	1117
566	1118
566	1119
566	1120
566	1121
566	1122
566	1211
566	1212
566	2546
566	2547
566	4307
566	4308
566	4309
566	4310
566	4380
621	67
621	144
621	241
621	267
621	442
621	469
621	479
621	516
621	538
621	799
621	824
621	1300
621	1566
621	1567
621	1642
621	1643
621	2415
621	3460
621	3461
724	597
724	815
724	2417
724	2418
724	2420
724	2421
724	2422
724	2423
724	2429
724	2430
724	2431
724	2432
765	956
765	957
765	958
765	959
765	4131
815	597
815	2417
815	2426
815	2429
824	1643
956	958
956	959
956	4130
956	4132
957	958
957	4130
957	4131
957	4133
958	959
958	4131
960	2954
1642	67
1642	144
1642	241
1642	267
1642	355
1642	392
1642	442
1642	469
1642	479
1642	799
1642	1300
1642	1643
1642	1884
1642	1885
1642	2415
1642	3460
1642	3461
2429	804
2429	2426
2429	2427
2429	2430
2429	2431
2429	2432
2430	2426
2430	2427
2430	2431
2430	2432
2430	3573
2431	2426
2431	2427
2431	2432
2431	3573
2432	2426
2432	2427
2432	3573
2546	2547
2547	962
2547	2954
2547	2955
2547	2960
3212	3210
3212	3211
2480	2481
2480	2482
2480	3594
2480	3838
2480	3839
2480	3841
2481	2482
2548	2549
2548	2550
2548	2551
2548	2552
2548	2553
2548	2554
2549	2550
2549	2551
2549	2554
2550	2551
2550	2552
2550	2553
2550	2554
2551	2552
2551	2553
2551	2554
2552	2553
2552	2554
2553	2554
299	180
299	709
299	2132
299	2133
299	2134
299	2135
299	2137
299	2138
299	2139
299	2141
299	2142
299	2143
299	2144
299	2145
353	2399
353	2400
353	2401
353	2402
353	2403
353	2404
597	1116
597	1118
597	1119
597	1120
597	1121
597	1122
597	2417
597	2418
597	4309
597	4310
2400	2403
2417	2418
2426	3573
2426	3882
2426	3883
2426	3884
3573	3574
3573	3575
3573	3882
3573	3883
363	847
363	366
363	1114
363	1115
363	1891
363	1892
363	1893
363	1894
363	3027
363	3028
363	3029
363	4305
363	4306
366	847
366	1114
366	1115
366	1891
366	1892
366	1893
366	1894
366	3950
366	4305
366	4306
3594	3595
3594	3596
3594	3597
3595	3596
3595	3597
3596	3597
3838	3839
3838	3840
3838	3841
3839	3840
3839	3841
3840	3841
67	420
67	81
67	267
67	298
67	332
67	469
67	579
67	754
67	796
67	799
67	2414
67	2415
67	2416
67	2434
67	2636
67	2762
67	2763
67	2764
67	2765
67	2766
67	2767
67	2768
67	2769
67	3460
67	3461
67	3579
67	3580
267	241
267	236
267	279
267	305
267	652
267	799
267	1221
267	1229
267	1230
267	1690
267	1691
267	1692
267	2415
267	2416
267	2636
267	3460
267	3461
799	479
799	352
799	515
799	530
799	561
799	745
799	2415
799	2651
799	2818
799	2822
799	2823
799	2870
799	2880
799	3104
799	3105
799	3106
799	3107
799	3108
799	3461
799	3754
799	4388
799	4389
1897	241
1897	442
1897	646
1897	3170
2415	479
2415	469
2415	2414
2415	2412
2415	2413
2415	2416
2415	2636
2415	3460
2415	3461
2636	2640
3460	479
3460	469
3460	3461
3461	479
3208	3209
3209	3210
3209	3211
3210	3211
144	49
144	236
144	241
144	253
144	254
144	354
144	442
144	479
144	516
144	538
144	646
144	738
144	1232
144	1233
144	1234
144	1235
144	1236
144	1288
144	1300
144	1566
144	1567
144	1696
144	1697
144	1698
144	1699
144	1700
144	1701
144	1702
144	1703
144	1704
144	1705
144	1706
144	1707
144	2829
144	3297
144	3869
241	49
241	236
241	253
241	254
241	279
241	305
241	442
241	479
241	516
241	538
241	646
241	738
241	1233
241	1288
241	1299
241	1300
241	1565
241	1566
241	1567
241	1691
241	1692
241	1696
241	1699
241	1703
241	2829
241	3297
241	3389
241	3390
241	3391
241	3869
442	392
442	49
442	236
442	253
442	254
442	355
442	479
442	516
442	538
442	646
442	738
442	1233
442	1288
442	1299
442	1300
442	1565
442	1566
442	1567
442	1696
442	1698
442	1699
442	1703
442	1884
442	1885
442	1886
442	1887
442	1888
442	1889
442	1890
442	3297
442	3389
442	3390
442	3391
443	674
443	572
443	1853
443	1854
443	1857
443	1858
443	2631
469	479
469	2412
469	2413
469	2414
469	2416
470	784
470	159
470	369
470	527
470	785
470	839
470	949
470	950
470	951
470	952
470	953
470	954
479	392
479	49
479	253
479	254
479	355
479	516
479	646
479	738
479	1233
479	1288
479	1299
479	1300
479	1566
479	1567
479	1696
479	1703
479	1884
479	1885
479	3297
479	3513
479	4039
479	4185
479	4186
479	4187
479	4188
479	4189
516	538
527	784
527	159
527	369
527	785
527	839
527	874
527	949
527	950
527	951
527	952
527	953
527	954
538	49
538	253
538	254
538	1232
538	1233
538	1234
538	1235
538	1236
538	2829
538	3869
572	674
572	618
572	1694
572	1695
572	1852
572	1854
572	1857
572	1858
572	2036
572	2037
572	2038
572	2039
572	2631
646	738
646	1299
646	1565
646	1566
646	1567
646	3389
646	3390
646	3391
674	618
674	1694
674	1695
674	2036
674	2037
674	2038
674	2039
674	2631
674	3377
674	3383
784	90
784	159
784	369
784	785
784	839
784	949
784	950
784	951
784	952
784	953
784	954
784	3756
784	3757
784	3960
784	3962
784	3963
785	369
785	839
785	950
785	949
785	952
785	953
785	954
839	159
839	369
839	407
839	949
839	950
839	951
839	2012
839	2019
925	514
925	926
925	927
925	2834
925	4071
925	4072
925	4073
925	4076
925	4079
1282	1283
1282	1284
1282	1285
1299	392
1299	1297
1299	1298
1299	1300
2414	2412
2414	2416
2416	2412
2834	514
2834	927
2834	2874
2834	2875
2834	2940
2834	2941
2834	4071
2834	4072
2834	4079
4071	514
4071	927
4071	4072
4071	4073
4071	4076
4071	4079
4072	514
4072	927
4072	4079
4079	514
4079	927
4079	4078
463	596
463	3699
463	3700
463	3701
463	3703
596	3699
596	3700
596	3701
596	3702
596	3703
2412	2413
3699	3700
3699	3701
3699	3702
3699	3703
3700	3701
3700	3702
3700	3703
3701	3703
3703	3702
445	718
445	685
445	1206
445	1207
445	1208
445	1209
445	1210
445	1211
445	1212
445	1213
445	3064
445	3065
445	3877
445	3878
445	4376
445	4377
445	4378
445	4379
445	4380
1116	1117
1116	1118
1116	1119
1116	1120
1116	1121
1116	1122
1116	4307
1116	4308
1116	4309
1116	4310
1117	1118
1117	1119
1117	1120
1117	1121
1117	1122
1117	4307
1117	4308
1117	4309
1117	4310
1118	1119
1118	1120
1118	1121
1118	1122
1118	4307
1118	4308
1118	4309
1118	4310
1119	1120
1119	1121
1119	1122
1119	4307
1119	4308
1119	4309
1119	4310
1120	1121
1120	1122
1120	4307
1120	4308
1120	4309
1120	4310
1121	1122
1121	4307
1121	4308
1121	4309
1121	4310
1122	4307
1122	4308
1122	4309
1122	4310
1211	1206
1211	1212
1211	1213
1211	4380
1212	1213
1212	4380
4307	4308
4307	4309
4307	4310
4308	4309
4308	4310
4309	4310
4380	718
4380	685
4380	1206
4380	1207
4380	1208
4380	1209
4380	1210
4380	1213
4380	4376
4380	4377
4380	4378
4380	4379
962	2954
962	2955
2954	2955
2954	2956
2954	2957
2954	2958
2954	2959
2954	2960
2954	2961
2954	2962
2954	3763
2956	2962
2957	2961
2957	2962
2957	3763
2958	2959
2960	2962
2961	2962
2961	3763
2962	3763
4131	4133
1300	392
1300	380
1300	661
1300	1297
1566	1567
1567	738
355	392
355	1883
355	1884
355	1885
355	1886
355	1887
355	1888
355	1889
355	1890
392	1297
392	1298
392	1884
392	1885
392	1886
392	1887
392	1888
392	1889
392	1890
1884	661
1884	1885
1884	1886
1884	1887
1884	1888
1884	1889
1884	1890
1884	3352
1884	3353
1884	3354
1884	3355
1884	3356
1884	3357
1884	3358
1884	3359
1885	1886
1885	1887
1885	1888
1885	1889
1885	1890
592	1069
592	1070
592	1071
592	1072
592	1073
592	1074
592	1871
592	1872
592	1873
592	3012
592	3013
592	3014
592	3015
592	3016
592	4251
592	4252
592	4253
1069	1070
1069	1071
1069	1072
1069	1073
1069	1074
1069	4251
1069	4252
1069	4253
1072	1073
1072	1074
1072	4252
1073	1070
1073	1071
1073	1074
1073	3012
1073	3013
1073	3014
1073	3015
1073	3016
1073	4251
1073	4252
1073	4253
1871	1872
1871	1873
1871	3388
1872	1873
370	2671
370	3644
370	3645
370	3646
370	3647
629	628
629	647
629	896
629	897
629	898
629	899
629	900
629	4048
629	4049
629	4050
629	4051
1381	809
1381	1377
1381	1379
1381	1380
2582	2583
2582	2584
2582	2585
2582	2586
2582	2587
2586	2585
2586	2587
2586	2583
2586	2584
2587	2585
2587	2583
2587	2584
1070	1071
1070	1074
1070	4251
1070	4252
1070	4253
1071	1074
1071	4251
1071	4252
1071	4253
1074	3012
1074	3013
1074	3014
1074	3015
1074	4251
1074	4253
3012	3013
3012	3014
3012	3015
3012	3016
3013	3014
3013	3015
3013	3016
3014	3015
3014	3016
4251	4252
4252	4253
732	856
732	872
732	1324
732	1325
732	1326
732	1327
732	1328
732	1329
732	1335
732	1340
732	3109
732	3110
732	3111
732	3816
732	3817
732	3818
732	3819
872	856
872	1324
872	1325
872	1326
872	1327
872	1328
872	1329
872	1335
872	1340
872	3109
872	3110
872	3111
872	3816
872	3817
872	3818
872	3819
3240	3241
3240	3242
3240	3798
3240	3799
3240	3800
3240	3801
3241	3242
3796	3799
3796	3800
3796	3801
3798	3799
3799	3800
3799	3801
3800	3801
1809	1810
1809	1811
1809	1812
1810	1811
1810	1812
1811	1812
1938	162
1938	878
1938	1934
1938	3879
1938	3880
1938	3881
1938	4016
3348	3349
3348	3350
3348	3351
3349	3350
3349	3351
3350	3351
4016	1934
28	40
28	466
28	505
28	1214
28	3068
28	3069
28	3070
28	3071
28	4381
40	2376
690	793
690	769
690	844
690	1802
769	793
769	844
769	1802
793	844
793	1802
793	3780
844	1802
3346	3347
3779	3780
539	1432
539	1433
539	1434
539	1435
539	1436
539	1437
539	1438
539	1439
539	1440
539	1441
539	1442
539	1443
539	1444
539	3171
539	3172
539	3173
539	3174
539	3175
539	3176
1104	1105
1104	4297
1104	4298
1105	4297
1105	4298
1110	1111
3315	3316
4297	4298
197	357
197	849
197	875
197	1007
197	1008
197	1009
357	68
357	797
357	155
357	308
357	309
357	849
357	875
357	1007
357	1008
357	1009
875	797
875	155
875	308
875	849
875	1007
875	1008
875	1009
875	309
1007	68
1007	797
1007	155
1007	308
1007	849
1007	309
1007	1008
1007	1009
1007	3076
1007	3077
1007	3079
1008	68
1008	797
1008	1014
1008	1015
1008	155
1008	308
1008	849
1008	309
1008	1009
1008	1016
1008	3846
1008	3847
1008	3848
1008	3849
1008	3853
1008	3854
531	563
531	1478
531	1479
531	1480
531	1482
531	1483
531	1484
531	1485
531	1486
531	1895
531	3023
531	3024
531	3025
531	3704
531	3705
531	3706
531	3707
531	3708
531	3709
531	3710
795	359
795	1940
1478	1479
1478	1483
1478	1484
1478	1486
1479	1483
1479	1484
1479	1486
1480	1485
1480	1486
1482	1485
1483	1481
1483	1484
1483	1485
1483	1486
1484	1486
15	2683
15	2684
15	2685
15	2686
1815	1816
2332	2334
3569	3570
3569	3572
3570	3572
607	524
607	401
607	408
607	1653
607	1654
607	1655
607	1895
2391	2392
2391	2393
2391	2394
2391	2397
2392	2393
2392	2394
2392	2397
2393	2394
2393	2397
2394	2397
439	256
439	1717
439	1718
439	1719
439	1720
439	1721
439	2558
439	2559
1314	3616
1649	1650
1649	1651
1649	1652
1649	2096
1649	3243
1649	3244
1649	3245
1649	3246
1717	1718
1717	1719
1718	1719
1718	1720
1719	1720
2558	2559
2559	2560
1324	1325
1324	1326
1324	1327
1324	1328
1324	1329
1325	1326
1325	1327
1325	1328
1325	1329
1326	1327
1326	1328
1326	1329
1327	1328
1327	1329
1327	3816
1327	3817
1328	1329
3109	3111
496	4276
496	4277
496	4278
496	4279
496	4280
496	4281
496	4282
496	4283
496	4284
496	4285
496	4286
496	4287
496	4288
1568	1570
3559	2864
3559	3558
3559	3561
3559	3563
3559	3564
3559	3566
3561	3558
3561	3560
3561	3562
3561	3563
3561	3566
3563	3560
3563	3562
3563	3564
3563	3565
3563	3566
3564	3565
3564	3566
3565	3566
3566	2864
3566	3558
3566	3560
3566	3562
524	401
524	408
524	492
524	1653
524	1654
524	1655
524	2193
524	2787
524	2788
524	3722
524	3723
524	3724
2192	2194
3457	3458
3457	3459
3458	3459
379	858
379	550
379	848
379	980
379	981
379	982
379	983
379	984
379	985
379	986
379	987
379	988
379	989
379	990
379	991
379	4151
379	4152
980	550
980	848
980	984
980	985
980	986
980	987
980	988
980	4151
980	4152
422	672
422	1781
422	1782
422	1783
422	1784
422	1785
422	1786
422	2814
422	2815
422	2816
422	2817
1546	1541
1781	1782
1781	1783
1781	1784
1781	1785
1781	1786
1782	1783
1782	1784
1782	1785
1782	1786
1783	1784
1783	1785
1783	1786
1784	1785
1784	1786
1785	1786
2814	2815
2814	2816
2814	2817
2815	2816
2815	2817
2816	2817
3200	3201
743	806
743	826
743	880
743	2271
806	826
806	880
806	2266
806	2267
806	2268
806	2269
806	2271
806	2272
806	3490
806	3491
806	3495
806	3496
806	3498
826	880
826	2266
826	2267
826	2269
826	2271
880	2266
880	2267
880	2269
880	2271
2266	2267
2266	2268
2266	2272
2266	3490
2266	3491
2266	3492
2266	3493
2266	3494
2266	3495
2266	3496
2266	3498
2268	2272
2268	3490
2268	3491
2268	3493
2268	3495
2268	3496
2268	3498
2272	3490
2272	3491
2272	3493
2272	3495
2272	3496
3490	3491
3490	3492
3490	3493
3490	3495
3490	3496
3491	3492
3491	3493
3491	3495
3491	3496
3492	3493
3493	3494
3493	3495
3493	3496
3494	3496
3494	3497
3495	3496
683	767
683	780
683	884
683	2795
683	2796
683	2797
683	2798
683	2859
683	2912
683	2914
683	3289
683	3290
683	3291
683	3292
767	780
767	884
767	2795
767	2796
767	2797
767	2798
767	2800
780	884
780	2797
780	2798
780	2800
884	2795
884	2797
884	2798
884	2800
2795	2796
2795	2859
2795	2914
2795	3289
2795	3290
2795	3291
2795	3292
2796	2859
2796	2912
2796	2914
2796	3289
2796	3290
2796	3291
2796	3292
2797	2798
2797	2800
2798	2800
2800	2985
2800	2986
2800	2987
2859	2912
2859	2914
2859	3289
2859	3290
2859	3291
2859	3292
2912	444
2912	2914
2912	3289
2912	3290
2912	3291
2912	3292
2914	3289
2914	3290
2914	3291
2914	3292
2985	2986
2985	2987
2986	2987
3289	3290
3289	3291
3289	3292
3290	3291
3290	3292
3291	3292
3470	3471
3472	3473
944	4116
2948	2949
262	2362
262	2363
262	2365
262	2366
2361	2362
2362	2366
2363	2365
2363	2366
2363	3424
2363	3425
2363	3426
2363	3427
2363	3428
2363	3429
2365	2366
2864	2865
2864	2866
2864	2867
2864	2868
2864	2869
2864	3017
2864	3072
2864	3073
2864	3074
2864	3075
2864	3558
2864	3562
2865	2866
2865	2867
2865	2868
2865	2869
2865	3017
2865	3072
2865	3073
2865	3074
2865	3075
2866	2867
2866	2868
2866	3017
2867	2868
2867	3017
2868	3017
2869	3072
2869	3073
2869	3074
2869	3075
3424	3425
3424	3426
3424	3427
3424	3428
3424	3429
3425	3426
3425	3427
3425	3428
3425	3429
3426	3427
3426	3428
3426	3429
3427	3428
3427	3429
3428	3429
3072	3073
3072	3074
3072	3075
3073	3074
3073	3075
3074	3075
3141	3143
359	1940
856	1335
856	1340
856	3110
1335	1340
1335	3110
1340	3110
1340	3816
1340	3819
3816	3817
282	393
282	3997
282	4005
282	4027
282	4217
282	4218
282	4219
282	4220
393	3997
393	4005
393	4027
393	4217
393	4218
393	4219
393	4220
3743	3745
3743	3747
3744	3745
3744	3746
3744	3747
3745	3746
3745	3747
3746	3747
3997	4005
3997	4027
3997	4217
3997	4218
3997	4219
3997	4220
4005	4217
4005	4220
4027	1758
4027	4218
4217	4220
831	855
831	2632
831	2633
831	2634
831	2635
855	2632
855	2633
855	2634
855	2635
2632	2633
2632	2634
2632	2635
2633	2634
2633	2635
2634	2635
849	68
849	797
849	155
849	308
849	309
849	326
849	1009
1009	68
1009	797
1009	308
1009	309
493	378
493	1833
493	1837
493	3372
493	3373
493	3374
773	680
773	726
773	727
773	781
773	792
773	803
773	827
773	829
773	860
773	1452
773	1455
773	1456
773	1457
773	1458
773	2828
773	3177
773	3178
773	3179
773	3180
773	3181
773	3781
773	3782
829	680
829	726
829	727
829	781
829	792
829	827
829	1451
829	1452
829	1455
829	1456
1715	325
3980	1132
3980	1133
3980	1134
3980	1135
3980	1136
3980	1137
3980	1138
3980	4343
3980	4344
3980	4345
186	409
186	420
186	744
186	837
186	871
186	1733
186	1842
186	1843
186	1844
186	3308
186	3309
186	3376
186	3811
186	3812
186	3813
186	3814
186	3815
188	1018
188	4177
188	4178
188	4179
188	4180
188	4181
325	3092
325	3093
420	298
420	744
420	754
420	796
420	837
420	871
420	1842
420	1843
420	2762
420	2763
420	2764
420	2765
1842	1843
680	726
680	727
680	781
680	792
680	803
680	827
680	860
680	1455
680	1456
680	1457
680	1458
680	2828
680	3177
680	3178
680	3179
680	3180
680	3181
680	3781
680	3782
726	727
726	781
726	792
726	803
726	827
726	860
726	1455
726	1456
726	1457
726	1458
726	2828
726	3177
726	3178
726	3179
726	3180
726	3181
726	3781
726	3782
727	781
727	792
727	803
727	827
727	860
727	1452
727	1455
727	1456
727	1457
727	1458
727	2828
727	3177
727	3178
727	3179
727	3180
727	3181
727	3781
727	3782
781	792
781	803
781	827
781	860
781	1452
781	1455
781	1456
781	1457
781	1458
781	2828
781	3177
781	3178
781	3179
781	3180
781	3181
781	3781
781	3782
792	803
792	827
792	860
792	1451
792	1452
792	1455
792	1456
792	1458
792	2828
803	827
803	860
803	1458
803	2828
827	860
827	1452
827	1455
827	1456
827	1457
827	1458
827	2828
827	3177
827	3178
827	3179
827	3180
827	3181
827	3781
827	3782
860	1458
860	2828
1455	1456
1458	2828
1458	3177
1458	3178
1458	3179
1458	3180
1458	3181
1458	3781
1458	3782
2828	3177
2828	3178
2828	3179
2828	3180
2828	3181
3177	3178
3177	3181
3178	3179
3178	3180
3178	3181
3178	3781
3178	3782
3179	3180
3180	3781
3180	3782
3781	3782
3781	3783
431	1017
431	2928
431	2994
431	2995
431	3939
431	4176
2594	601
2594	1202
2594	2589
2594	2590
2594	2595
2594	2600
2594	3657
2594	3658
2594	3662
2594	3663
2594	3933
2594	3934
2706	2707
2706	3728
2707	3728
2707	3729
378	1730
378	1731
378	1833
378	1834
378	1835
378	1836
378	1837
378	3305
378	3306
378	3307
378	3372
378	3373
378	3374
1833	1834
1833	1835
1833	1836
1833	1837
1833	3372
1833	3373
1834	1835
1834	1836
1835	1836
1837	3372
1837	3373
1837	3374
3305	3306
3305	3307
3306	3307
3372	3373
3372	3374
3373	3374
3086	3087
3086	3088
3087	3088
3945	3947
3945	3948
3092	3093
1556	1557
1557	1558
2147	2149
2148	2149
401	161
401	408
401	1653
401	1654
401	1655
401	2209
401	2210
401	2212
401	2213
401	2214
401	2215
401	2216
401	2217
401	2218
408	1653
408	1654
408	1655
408	3247
408	3248
408	3249
408	3771
408	3772
492	2786
492	2787
492	2788
492	2789
492	2790
492	2791
492	2792
492	2793
492	2794
1653	1654
1653	1655
1654	1655
2787	2788
3722	3723
3722	3724
3723	3724
365	1019
365	1020
365	1021
365	1022
365	1023
365	1024
365	2996
365	2997
365	2998
365	2999
365	3000
365	4182
365	4183
365	4184
1021	1019
1021	1020
1021	1022
1021	2996
1021	2999
1021	3000
1021	4182
2999	3000
3000	2996
1132	1136
1132	1137
1132	4344
1133	1136
1133	1137
1133	1138
1134	1136
1134	1137
1134	4345
1136	1137
1136	4344
1137	4344
1559	1560
1559	1561
1560	1561
787	2704
2704	2705
668	734
668	816
668	2603
734	816
734	2603
816	2603
52	45
52	749
52	2446
52	2447
52	2448
52	2449
52	2450
52	2451
52	2452
52	2453
52	3586
52	3764
52	3967
126	623
126	669
126	762
126	2752
126	2753
126	2754
126	2755
126	2756
126	2757
126	2758
126	2759
126	2760
126	2761
126	3842
126	3843
669	623
669	762
669	2752
669	2753
669	2754
669	2755
669	2758
669	2759
669	2760
669	2761
669	3842
669	3843
762	2753
762	2754
762	2755
762	2758
762	2759
762	2760
762	2761
762	3842
762	3843
2179	789
2179	2180
2179	2181
2753	2754
2753	2757
2753	2758
2753	2760
2753	3842
2753	3843
2758	2754
2758	2755
2758	2757
2758	2759
2758	2760
2758	2761
2760	2754
2760	2755
2760	2759
2760	2761
2761	2759
3251	3252
3251	3253
3251	3254
3254	3255
3254	3256
55	146
55	678
55	708
55	759
55	2570
55	2571
55	2572
55	2573
55	2574
55	2575
55	3620
55	3621
55	3622
55	3623
3831	3833
3831	3834
3833	3834
3833	3835
3833	3836
3834	3835
3834	3836
3835	3836
3835	3837
504	2666
504	2667
2666	2667
701	2199
701	2200
701	2201
2199	2200
2199	2201
2200	2201
557	558
557	658
557	659
557	756
557	2926
557	3697
557	3698
558	658
558	659
558	756
558	2926
558	3698
658	659
658	756
658	2926
658	3696
658	3697
658	3698
659	756
659	2926
659	3696
659	3697
659	3698
756	2926
756	3698
2926	3696
2926	3697
2926	3698
3696	3697
3696	3698
3697	3698
289	772
289	807
289	2464
289	2465
289	2466
289	2467
772	807
772	2556
772	2557
807	2556
807	2557
2556	2557
2464	2465
2464	2466
2464	2467
2465	2466
2465	2467
2466	2467
718	685
718	782
718	1081
718	1082
718	1206
718	1207
718	1208
718	1209
718	1210
718	4376
718	4377
718	4378
718	4379
782	1081
782	1082
1081	1082
1081	1083
1083	4259
3808	3809
3808	3810
3809	3810
64	65
64	209
64	213
64	218
64	221
64	4044
65	209
65	213
65	218
65	221
65	4044
218	4044
122	1991
122	1992
122	1993
122	1994
1991	1992
1991	1994
1992	1994
4388	4389
72	477
72	580
72	671
72	686
72	889
72	1342
72	1343
72	1344
72	1345
72	1346
72	1347
72	1348
72	1349
72	1350
72	1351
72	1352
72	1353
72	1354
72	1355
72	1356
72	1357
72	1358
72	1359
72	1360
72	1361
72	1362
72	1364
72	3113
72	3114
72	3115
72	3116
72	3117
72	3118
72	3119
72	3120
72	3121
72	3122
72	3123
72	3124
72	3125
72	3126
72	3127
72	3128
72	3787
72	3788
72	3789
72	3790
3275	3276
605	601
605	636
605	672
605	1199
605	1200
605	2164
605	2165
605	2166
605	4368
605	4369
605	4370
618	137
618	438
618	662
618	852
618	2470
618	2471
618	2472
618	2473
618	2474
618	2475
618	2476
618	2477
618	2478
618	2479
618	3228
618	3229
618	3230
618	3231
636	601
636	633
636	1186
636	3047
636	3395
636	4368
2861	2917
4368	601
4368	1199
4368	1200
4368	4369
4368	4370
135	458
135	508
135	2838
135	3486
135	3487
135	4021
350	74
350	364
350	582
350	600
350	673
350	713
350	828
350	1445
350	1446
350	1447
350	1448
350	1962
350	2507
350	2508
350	3402
350	3403
350	3404
350	3949
380	410
380	661
380	2511
380	2512
380	2513
410	2660
410	2661
410	2662
410	2663
410	2664
410	2665
410	2672
508	458
508	2838
508	3486
508	3487
508	3650
508	3651
508	3652
508	3653
508	3654
508	3655
508	3656
582	364
582	600
582	673
582	713
582	1445
600	713
600	364
600	673
600	1445
600	1446
600	1447
600	1448
661	1887
661	1888
661	1889
661	1890
661	3352
661	3353
661	3354
661	3355
661	3356
661	3357
661	3358
661	3359
673	713
673	364
673	1447
673	1448
713	364
713	1445
713	1446
713	1447
713	1448
713	1511
1445	364
1445	1446
1446	364
1447	364
1447	1448
685	472
685	1206
685	1207
685	1208
685	1209
685	1210
685	2378
685	2379
685	2381
685	2382
685	2383
685	2384
685	2385
685	2387
685	2388
685	2942
685	2943
685	2944
685	2945
685	2946
685	2947
685	4376
685	4377
685	4378
685	4379
1206	1207
1206	1208
1206	1209
1206	1210
1206	3064
1206	3065
1206	3877
1206	3878
1206	4376
1206	4377
1206	4378
1206	4379
1207	1208
1207	1209
1207	1210
1207	4376
1207	4377
1207	4378
1207	4379
1208	1209
1208	1210
1208	4376
1208	4377
1208	4378
1208	4379
1209	1210
1209	4376
1209	4377
1209	4378
1209	4379
1210	4376
1210	4377
1210	4378
1210	4379
4376	4377
4376	4378
4376	4379
4377	4378
4377	4379
4378	4379
4390	4391
2860	2971
2860	2972
2860	2973
2860	2974
2860	2975
2860	2976
2860	2977
2860	2978
2860	2979
99	429
99	1055
99	1056
99	1057
99	1058
99	1059
99	1060
99	1061
99	1062
99	1063
99	1064
99	1065
99	1066
99	1067
99	1068
99	3856
99	3857
99	3858
99	3859
99	3860
99	3861
99	3862
99	3863
99	3864
99	3865
99	3866
99	3867
99	3868
99	4237
99	4238
99	4239
99	4240
99	4241
99	4242
99	4243
99	4244
99	4245
99	4246
99	4247
99	4248
99	4249
99	4250
778	1881
778	1882
1050	1051
1050	1052
1050	1053
1050	4227
1051	1052
1051	1053
1051	4227
1052	1053
1052	4227
1053	4227
1055	429
1055	1056
1055	1057
1055	1058
1055	1059
1055	1060
1055	4237
1055	4238
1879	1880
1879	1882
1880	1882
1881	1882
141	2299
141	2300
141	2301
141	2302
141	2523
247	598
247	599
247	649
247	650
247	1222
247	2733
247	2734
247	2735
247	2736
247	2739
247	2835
247	2836
247	2837
247	2858
1222	1221
1222	598
1222	599
1222	649
1222	650
1222	2835
1222	2836
1222	2837
1222	2858
1788	1789
1788	1790
1788	1791
1788	1792
1789	1790
1789	1791
1790	1791
2299	2300
2299	2302
2301	2302
2905	2906
352	628
352	745
352	1472
352	1473
352	1474
352	1475
352	1476
352	2651
352	2827
352	2854
352	2870
352	2880
352	3765
352	3944
515	530
515	2818
515	2819
515	2820
515	2821
515	2822
515	2823
515	2824
515	2825
515	3754
515	3755
601	549
601	552
601	602
601	1199
601	1200
601	1202
601	1662
601	1663
601	3157
601	3158
601	3159
601	3160
601	3161
601	3266
601	3933
601	3934
601	4370
745	398
745	628
745	1411
745	1412
745	1413
745	1414
745	1415
745	1416
745	1417
745	1418
745	1419
745	1420
745	1421
745	1422
745	1423
745	1424
745	1472
745	1473
745	1474
745	1475
745	1476
745	2651
745	2827
745	2854
745	2870
745	2880
745	3765
745	3944
1373	1374
1373	1375
1373	1376
1373	3137
1373	3138
1373	3140
1374	1375
1374	1376
1375	1376
1472	1476
1472	2651
1472	2827
1472	2854
1472	2870
1472	2880
2585	2583
2585	2584
2651	1474
2651	1475
2651	2827
2651	2854
2651	2870
2651	2880
2651	3765
2651	3944
2854	1474
2854	2827
2854	2870
2854	2880
2856	2857
2856	3066
2856	3067
2857	3066
2857	3067
2870	1474
2870	1475
2870	2827
2870	2880
2870	3765
2870	3944
2880	2827
2880	2903
2880	3104
2880	3105
2880	3106
2880	3107
2880	3108
2880	3543
2880	3544
2880	3545
2880	3546
2880	3550
400	598
400	599
400	1795
400	1796
400	2831
400	2850
400	2851
400	3330
400	3331
400	3332
1796	1795
602	1681
602	3157
602	3158
602	3159
602	3160
602	3161
602	3265
602	3266
602	3267
3266	3265
3266	3267
25	107
25	1097
25	1098
25	4274
25	4275
107	1097
107	1098
107	4274
107	4275
505	3068
505	3069
505	3070
505	3071
3068	3069
3068	3070
3068	3071
3069	3070
3070	3071
707	867
707	2322
707	2327
707	3535
707	3536
812	2323
812	2324
867	2322
867	2327
867	3535
867	3536
2325	2326
2325	2327
2326	2327
3535	3536
3535	3802
2337	2338
2337	2339
2337	2340
2337	2341
2337	2342
2338	2339
2338	2340
2338	2341
2338	2342
2339	2340
2339	2341
2339	2342
2340	2341
2340	2342
2341	2342
2341	3515
2341	3542
1676	1677
1678	1679
1678	3261
1678	3262
1679	3261
1679	3262
717	633
256	482
256	2628
256	2629
425	437
425	534
425	554
425	1027
425	1029
425	1031
425	1033
425	2608
425	2609
425	4198
534	554
534	1341
534	1845
534	1846
534	1847
554	2608
1027	1029
1027	1031
1027	1032
1027	4198
1027	4199
1029	1030
1029	1031
1029	1032
1029	1033
1029	1034
1029	4198
1029	4199
1031	1030
1031	1032
1031	1033
1031	1034
1031	4198
1031	4199
1033	1034
2628	2629
4198	1032
4198	1034
4198	4199
4199	1032
68	155
68	308
68	797
68	858
68	1010
68	1011
68	1012
68	1013
68	1014
68	1015
68	1016
68	2992
68	2993
68	3076
68	3077
68	3078
68	3079
68	3846
68	3847
68	3848
68	3849
68	3850
68	3851
68	3852
68	3853
68	3854
68	3855
68	4174
68	4175
797	113
797	155
797	308
797	309
797	326
797	1010
797	1011
797	1012
797	1013
797	1014
797	1015
797	1016
797	1817
797	2992
797	2993
797	3076
797	3077
797	3078
797	3079
797	3080
797	3081
797	3082
797	3846
797	3847
797	3848
797	3849
797	3853
797	3854
797	3855
797	4174
797	4175
858	550
858	981
858	982
858	983
858	986
858	1010
858	1011
858	1012
858	1013
858	4174
858	4175
1010	1011
1010	1012
1010	1013
1010	1014
1010	1015
1010	4174
1010	4175
1011	1012
1011	1013
1011	1014
1011	1015
1011	4174
1011	4175
1012	1013
1012	1014
1012	1015
1012	4174
1012	4175
1013	1014
1013	1015
1013	4174
1013	4175
1014	1015
1014	1016
1014	3846
1014	3847
1014	3848
1014	3849
1014	3853
1014	4174
1015	1016
1015	3846
1015	3847
1015	3848
1015	3849
1015	3853
4174	4175
2151	2152
1914	1915
1914	1916
1914	1917
1915	1916
1915	1917
692	725
692	2235
692	2236
692	2237
692	2238
692	2239
692	2241
692	2242
692	2250
692	2253
725	583
725	2219
725	2234
725	2236
725	2237
725	2239
725	2241
725	2242
2234	2235
2234	2237
2234	2239
2235	2239
2235	2242
2236	2237
2236	2239
2236	2241
2236	2242
2237	2239
2237	2241
2237	2242
2238	2239
2239	2241
2239	2242
2250	2251
2250	2252
2250	2253
2250	2254
2251	2252
2251	2253
2252	2253
2253	2254
465	1684
465	4400
465	4401
465	4402
465	4403
465	4404
465	4405
465	4406
465	4407
465	4408
465	4409
465	4410
465	4411
465	4412
465	4413
465	4414
465	4415
465	4416
465	4417
465	4418
465	4419
465	4420
465	4421
465	4422
465	4423
465	4424
550	478
550	840
550	981
550	982
550	983
550	988
550	1739
550	1740
550	1741
550	1742
550	1743
550	1744
550	1745
550	1746
155	308
308	309
308	326
308	3153
308	3154
308	3155
308	3156
308	3333
308	3334
308	3335
308	3336
308	3337
308	3338
308	3339
308	3340
308	3341
308	3342
308	3343
308	3344
308	3345
1016	3846
1016	3847
1016	3848
1016	3853
1016	3854
3076	3077
3076	3078
3076	3079
3077	3078
3077	3079
3846	3853
3847	3848
3847	3849
3847	3853
3847	3854
3848	3849
3848	3853
3848	3855
3849	3853
3849	3855
3853	3854
49	236
49	253
49	254
49	1232
49	1233
49	1234
49	1235
49	1236
49	1288
49	1698
49	1699
49	1702
49	1703
49	2829
49	3869
236	253
236	254
236	279
236	305
236	1288
236	1690
236	1691
236	1692
236	1698
236	1699
236	1702
253	254
253	435
253	488
253	489
253	585
253	710
253	1232
253	1233
253	1234
253	1235
253	1236
253	1288
253	1506
253	1507
253	1508
253	1509
253	1510
253	1698
253	1699
253	1703
253	2524
253	2525
253	2526
253	2527
253	2528
253	2529
253	2530
253	2531
253	2532
253	2533
253	2873
254	435
254	488
254	489
254	585
254	710
254	1232
254	1233
254	1234
254	1236
254	1288
254	1506
254	1507
254	1508
254	1509
254	1510
254	1698
254	1699
254	1702
254	1703
254	2524
254	2525
254	2526
254	2527
254	2528
254	2529
254	2530
254	2531
254	2873
354	1288
354	842
354	1289
354	1290
354	1291
354	1292
354	1293
354	1294
354	1295
354	1296
354	2078
738	1565
738	3389
738	3390
738	3391
1232	1233
1232	1234
1232	1235
1233	1234
1233	1235
1233	1236
1233	1696
1233	2829
1233	3297
1233	3869
1234	1235
1234	1236
1288	1699
1288	1703
1696	3297
1698	1702
2829	3869
279	81
279	332
279	305
279	1690
279	1691
279	1692
305	75
305	1690
305	1691
305	1692
1691	1690
1691	1692
1692	1690
3389	3390
3389	3391
3390	3391
1886	1887
1886	1888
1886	1889
1886	1890
1887	1888
1887	1889
1887	1890
1887	3352
1887	3353
1887	3354
1887	3355
1887	3356
1887	3357
1887	3358
1887	3359
1888	1889
1888	1890
1888	3352
1888	3353
1888	3354
1888	3355
1888	3356
1888	3357
1888	3358
1888	3359
1889	1890
1889	3352
1889	3353
1889	3354
1889	3355
1889	3356
1889	3357
1889	3358
1889	3359
1890	3352
1890	3353
1890	3354
1890	3355
1890	3356
1890	3357
1890	3358
1890	3359
74	828
74	847
74	2507
74	2508
74	2509
74	2510
74	3609
74	3610
2853	3438
4039	4185
4039	4186
4039	4187
4039	4189
4185	4186
4185	4189
4186	4187
4186	4189
4187	4189
2831	598
2831	599
2831	2850
2831	2851
2850	598
2850	599
2850	2851
113	326
113	818
113	881
113	1817
113	1995
113	1996
113	1997
113	1998
113	1999
113	2000
113	2001
113	2002
113	3336
113	3337
113	3768
309	326
309	3336
309	3337
309	3153
309	3154
309	3155
309	3156
309	3333
309	3334
309	3335
309	3338
309	3339
309	3340
309	3341
309	3342
309	3343
309	3344
309	3345
326	818
326	881
326	1817
326	1995
326	1996
326	1997
326	1998
326	3153
326	3154
326	3155
326	3156
326	3333
326	3334
326	3335
326	3336
326	3337
326	3338
326	3339
326	3340
326	3341
326	3342
326	3343
326	3344
326	3345
326	3768
981	982
981	983
982	983
986	848
986	984
986	985
986	987
986	4151
986	4152
2699	2700
2699	2701
2699	2702
2699	3968
2700	3968
2701	3968
1044	385
1044	421
1044	1043
1044	1093
1044	2174
1093	1094
1093	2908
1093	3021
1093	3258
1093	3259
1093	3260
1459	2844
1459	2845
1459	2846
1459	2847
1459	2848
1459	3182
1459	3576
1459	3577
1459	3578
1459	3786
2844	2840
2844	2841
2844	2842
2844	2843
2844	2845
2844	2846
2844	2847
2844	2848
2844	2852
2844	2881
2844	2884
2844	2885
2844	2886
2844	2887
2844	2888
2844	3576
2844	3577
2844	3578
2845	2840
2845	2841
2845	2842
2845	2843
2845	2846
2845	2847
2845	2848
2845	2852
2845	2881
2845	2884
2845	2885
2845	2886
2845	2887
2845	2888
2845	3576
2845	3577
2845	3578
2846	2840
2846	2841
2846	2842
2846	2843
2846	2847
2846	2848
2846	2852
2846	2881
2846	2884
2846	2885
2846	2886
2846	2887
2846	2888
2846	3576
2846	3577
2846	3578
2847	2840
2847	2841
2847	2842
2847	2843
2847	2848
2847	2852
2847	2881
2847	2884
2847	2885
2847	2886
2847	2887
2847	2888
2847	3576
2847	3577
2847	3578
2848	2840
2848	2841
2848	2842
2848	2843
2848	2852
2848	2881
2848	2884
2848	2885
2848	2886
2848	2887
2848	2888
2848	3576
2848	3577
2848	3578
2848	3786
2908	3258
2908	3260
3234	3235
3576	3577
3576	3578
3577	3578
2495	2497
2495	2498
2497	2498
3604	3605
385	2173
385	421
385	1043
385	2167
385	2168
385	2169
385	2170
385	2171
385	2172
385	2174
385	2175
385	2176
385	2177
385	2178
421	1043
2173	63
2173	386
2173	814
2173	2174
2173	2176
2173	2862
2173	2863
2173	2890
2173	2896
2173	2898
2173	3001
2173	3002
2173	3003
2173	3004
2173	3006
2173	3007
2173	3008
2174	2176
3258	3260
364	1448
364	1962
364	3949
520	1241
520	1242
520	1243
520	1244
520	1245
520	1246
520	1247
520	1248
520	1249
520	1250
520	1251
520	1252
520	4425
520	4426
1242	1241
1242	1243
1242	1244
1242	1245
1242	1246
1242	1247
1242	1248
1242	1249
1242	1250
1242	1251
1242	1252
1242	4425
1242	4426
1243	1241
1243	1244
1243	1245
1243	1246
1243	1247
1243	1248
1243	1249
1243	1250
1243	1251
1243	1252
1243	4425
1243	4426
1244	1241
1244	1245
1244	1246
1244	1247
1244	1248
1244	1249
1244	1250
1244	1251
1244	1252
1244	4425
1244	4426
1247	1241
1247	1245
1247	1246
1247	1248
1247	1249
1247	1250
1247	1251
1247	1252
1247	4426
1248	1241
1248	1245
1248	1246
1248	1249
1248	1250
1248	1251
1248	1252
1248	4426
1251	1241
1251	1245
1251	1246
1251	1249
1251	1250
1251	1252
2855	3042
2855	3043
2855	3044
2855	3045
2855	3046
3042	3043
3042	3044
3042	3045
3042	3046
3043	3044
3043	3045
3043	3046
3044	3045
3044	3046
3045	3046
628	647
628	897
628	2319
3136	3139
3138	3139
3139	3137
3139	3140
2838	3486
2838	3487
42	1365
42	1366
42	1367
42	1368
42	2182
42	2183
58	2280
58	2281
58	2282
58	2283
58	2284
58	2285
58	2286
58	2287
58	2288
3130	3131
3130	3132
3130	3133
3130	3134
3130	3135
3131	3132
3131	3133
3131	3134
3131	3135
3132	3133
3132	3134
3132	3135
3133	3134
3133	3135
3134	3135
2182	2183
2280	2281
2280	2283
2280	2284
2280	2285
2280	2287
2280	2288
2281	2282
2281	2283
2281	2284
2281	2287
2281	2288
2282	2283
2282	2284
2282	2285
2282	2288
2283	2284
2283	2285
2283	2288
2284	2288
2285	2286
2285	2288
2287	2288
1169	1170
1169	1172
1169	1173
1169	1175
1170	1172
1170	1173
1170	1174
1172	1173
1172	1174
1172	1175
1173	1175
1487	1488
1487	1489
1487	1490
1487	1491
1488	1489
1488	1490
1488	1491
1489	1490
1489	1491
1489	3192
1489	3193
1489	3194
1489	3195
1489	3196
1489	3197
1489	3198
1489	3199
1489	3894
1489	3895
1489	3896
1490	1491
3192	3193
3192	3194
3192	3195
3192	3196
3192	3197
3192	3198
3192	3199
3192	3894
3192	3895
3192	3896
3193	3194
3193	3195
3193	3196
3193	3198
3193	3199
3194	3195
3194	3196
3194	3198
3194	3199
3195	3196
3195	3198
3195	3199
3195	3894
3195	3895
3196	3197
3196	3198
3196	3199
3196	3894
3196	3895
3198	3199
3894	3895
412	433
412	595
412	1190
412	1191
412	3581
412	3582
412	3583
412	3584
412	3585
412	3776
412	4353
412	4357
433	81
433	3588
433	3589
433	3590
433	3591
433	3592
433	4353
433	4357
1187	1189
1187	4352
1189	4352
1190	1191
1190	4356
1190	4357
3581	3582
3581	3583
3581	3584
3581	3585
3582	3583
3582	3584
3582	3585
3583	3584
3583	3585
3584	3585
4353	4357
409	3308
409	3309
409	3310
409	3311
744	837
744	871
744	1844
837	871
837	1844
871	1844
3308	3309
3308	3310
3308	3311
3309	3310
3309	3311
3310	3311
3811	3814
3811	3815
3812	3813
3812	3814
3812	3815
3813	3814
3814	3815
473	1301
473	1302
473	1304
473	1305
473	1306
473	1307
473	1309
473	1310
1301	1302
1301	1304
1301	1305
1301	1306
1301	1307
1301	1309
1301	1310
1302	1304
1302	1305
1302	1306
1302	1307
1302	1309
1302	1310
1304	1305
1304	1306
1304	1307
1304	1309
1304	1310
1305	1306
1305	1307
1305	1309
1305	1310
1306	1307
1306	1309
1306	1310
1307	1309
1307	1310
1309	1303
1309	1308
1309	1310
1310	1303
1310	1308
1650	1651
1650	1652
1651	1652
1652	3243
1652	3244
1652	3245
1652	3246
162	876
162	877
162	878
162	2273
162	2274
162	2275
162	2276
162	2277
162	2278
162	2279
162	3879
162	3880
162	3881
878	876
878	877
878	2273
878	2275
878	2276
878	2278
878	2279
878	3879
878	3880
878	3881
3879	876
3879	877
3879	3880
3879	3881
3880	876
3880	877
3880	3881
45	679
45	1644
45	1645
45	1646
45	1647
45	1648
679	1648
1644	1645
1646	1647
749	2446
749	2447
749	2448
749	2449
749	2450
749	2451
749	2452
749	2453
749	3586
749	3764
2446	2447
2446	2450
2447	2450
2447	3586
2447	3764
2447	3967
2448	2449
2448	2450
2449	2450
2450	3586
2450	3764
2450	3967
2451	2452
2451	2453
2452	2453
3586	3764
1162	1163
1162	1166
1166	1167
3262	3263
1694	3377
1694	3383
1695	2058
1695	3437
2036	2037
2036	2038
2036	2039
2037	2038
2037	2039
2038	2039
3756	3960
3756	3962
3756	3963
3756	3757
3756	3762
3756	3936
435	585
435	1507
435	1508
435	1509
488	489
488	585
488	710
488	1506
488	1507
488	1508
488	1509
489	585
489	710
489	1506
489	1507
489	1508
489	1509
489	2524
489	2526
489	2527
489	2531
585	710
585	1506
585	1507
585	1508
585	1509
585	1510
585	2873
710	1506
710	1507
710	1508
710	1509
1506	1507
1506	1508
1506	1509
1506	2524
1506	2526
1506	2527
1506	2531
1507	1508
1507	1509
1507	1510
1507	2873
1508	1509
1508	1510
1508	2873
1509	1510
1509	2873
2524	2525
2524	2526
2524	2527
2524	2530
2524	2531
2525	2530
2525	2531
2526	2527
2526	2528
2526	2529
2527	2528
2527	2529
2528	2529
2530	2531
356	429
356	351
356	448
356	1426
356	1427
356	1918
356	1919
356	1920
356	1921
356	1922
356	1923
356	2520
356	2521
356	2522
429	448
429	1056
429	1057
429	1058
429	1059
429	1060
429	1061
429	2520
429	2521
429	2522
429	4237
448	2520
448	2521
448	2522
2520	2521
2520	2522
2521	2522
3926	3927
2589	2590
2589	2591
2589	2593
2589	2595
2589	2596
2589	2597
2589	2598
2589	2599
2589	2600
2590	2592
2590	2595
2590	2596
2590	2597
2590	2598
2590	2599
2590	2600
2590	3657
2590	3659
2590	3660
2590	3662
2590	3663
2591	2595
2591	2596
2591	2597
2591	2598
2591	2599
2591	2600
2592	2593
2592	2595
2592	2598
2592	2599
2592	2600
2592	3657
2592	3659
2592	3660
2592	3663
2593	2595
2593	2598
2593	2599
2595	2596
2595	2597
2595	2598
2595	2599
2595	2600
2595	3658
2595	3659
2595	3660
2595	3661
2595	3662
2596	2597
2596	2598
2596	2599
2596	2600
2597	2598
2597	2599
2597	2600
2598	2599
2598	2600
2599	2600
2600	3657
2600	3658
2600	3659
2600	3660
2600	3661
2600	3662
2600	3663
3657	3658
3657	3659
3658	3662
3658	3663
3659	3660
3659	3662
3659	3663
3660	3661
3660	3662
3660	3663
3661	3663
3662	3663
1018	4180
1018	4181
4178	4179
4180	4181
298	332
298	754
298	2762
298	2763
754	81
754	796
754	2762
754	2763
754	2764
754	2765
754	2766
754	2767
796	81
796	2762
796	2763
796	2764
796	2765
796	2766
2762	2763
2762	2764
2762	2765
2763	2764
2763	2765
2763	2767
2764	2765
2764	2767
146	678
146	708
146	759
146	2572
146	3620
146	3621
146	3622
146	3830
678	2570
678	2571
678	2572
678	2574
678	3620
678	3621
678	3622
708	759
2570	2571
2570	2572
2570	2573
2571	2572
2572	2573
2572	3620
2572	3621
2572	3622
2574	2575
3620	3621
3620	3622
3621	3622
670	695
670	763
670	832
670	835
670	888
670	1548
670	1550
670	1555
695	763
695	832
695	835
695	841
695	845
695	888
695	891
695	1547
695	1548
695	1549
695	1550
695	1551
695	1553
695	1554
695	1555
695	4037
695	4038
763	832
763	841
763	888
763	1553
763	1555
832	835
832	841
832	845
832	888
832	891
832	1547
832	1548
832	1549
832	1550
832	1551
832	1553
832	1554
832	1555
832	4037
832	4038
835	841
835	888
835	1550
835	1553
835	1554
835	1555
841	845
841	888
841	891
841	1553
841	1554
841	1555
841	4037
841	4038
845	888
845	891
845	1547
845	1548
845	1549
845	1550
845	1553
845	1554
845	1555
845	4037
845	4038
888	891
888	1547
888	1548
888	1549
888	1550
888	1551
888	1553
888	1554
888	1555
888	4037
888	4038
891	1547
891	1548
891	1549
891	1550
891	1553
891	1554
891	1555
891	4037
891	4038
1547	1549
1548	1549
1548	1550
1550	1551
1553	1554
1553	1555
1554	1555
1554	4037
1554	4038
1555	4037
1555	4038
4037	4038
507	789
507	2494
789	2181
789	3466
131	800
131	913
131	914
131	915
131	916
131	917
131	918
131	919
131	920
131	921
131	922
131	923
131	924
131	2937
131	2938
404	886
517	3599
517	3600
517	3601
517	3602
517	3603
1541	1545
4210	4211
848	984
848	985
848	987
848	4151
848	4152
984	985
984	987
984	4151
984	4152
985	987
985	4151
985	4152
987	4151
987	4152
4151	4152
1432	1433
1432	1434
1432	1435
1432	1436
1432	1437
1432	1438
1432	1443
1432	1444
1433	1434
1433	1435
1433	1436
1433	1437
1433	1438
1434	1435
1434	1436
1434	1437
1434	1438
1434	1443
1434	1444
1435	1436
1435	1437
1435	1438
1435	1443
1435	1444
1436	1437
1436	1438
1436	1443
1436	1444
1437	1438
1437	1443
1437	1444
1439	1440
1439	1441
1439	1442
1439	1443
1439	1444
1440	1441
1440	1442
1440	1443
1440	1444
1441	1442
1441	1443
1441	1444
1442	1443
1442	1444
1443	1444
3171	3172
3171	3173
3172	3173
3174	3175
3174	3176
3175	3176
2878	3049
2878	3050
2878	3051
2878	3052
2878	3053
2878	3054
2878	3055
2878	3056
2878	3057
2878	3058
2878	3059
2878	3060
1030	1032
1032	1034
1032	4193
1034	4193
1035	3829
757	2741
757	2742
2743	2744
2743	2745
2744	2745
2744	2746
2744	2747
2745	2746
2875	514
2875	2874
2875	2876
2875	2877
2875	2883
2875	2897
2875	2903
2875	2940
2875	3213
2875	3216
2875	3295
2875	3296
2875	3543
2875	3976
2876	514
2876	2874
2876	2877
2876	2883
2876	2897
2876	2903
2876	3214
2876	3216
2876	3217
2876	3293
2876	3294
2876	3543
2876	3550
2876	3976
2877	514
2877	2874
2877	2883
2877	2897
2877	2903
2877	3214
2877	3216
2877	3217
2877	3293
2877	3543
2877	3976
2903	2874
2903	3543
2903	3544
2903	3545
2903	3546
2903	3547
2903	3548
2903	3549
2903	3550
2903	3551
3543	3544
3543	3545
3543	3546
3543	3547
3543	3548
3543	3550
3543	3551
3546	3544
3546	3545
3550	3547
3550	3548
3550	3551
595	2923
595	3520
595	3521
595	3522
595	3523
595	3524
595	3525
595	3526
595	3527
595	3528
595	3529
595	3530
595	3531
2086	2089
2086	2090
2086	2091
2087	2088
2087	2089
2087	2090
2087	2091
2087	2092
2088	2089
2088	2090
2088	2091
2088	2092
2089	2090
2089	2091
2089	2092
2090	2091
2090	2092
2091	2094
2091	2092
2091	3444
2093	2095
2094	2095
2094	3444
697	862
697	2314
697	2315
697	2316
862	2314
862	2315
862	2316
862	3516
862	3517
862	3518
862	3519
2315	2316
2315	3516
2315	3517
2315	3518
2315	3519
2316	2317
2316	2318
2317	2318
3516	3517
3516	3518
3516	3519
3517	3518
3517	3519
3518	3519
96	901
96	902
96	903
96	904
96	905
96	906
96	907
96	908
96	909
96	910
96	911
96	912
96	2930
96	2931
96	2932
96	2933
96	2934
96	2935
96	2936
96	4052
96	4053
96	4054
96	4055
96	4056
96	4057
96	4058
96	4059
96	4060
96	4061
96	4062
96	4063
96	4064
96	4065
96	4066
96	4067
96	4068
905	904
905	906
905	907
905	2930
905	2931
905	2932
905	2933
905	4053
905	4054
905	4055
906	904
906	907
906	4053
906	4054
906	4055
2058	2059
2058	3437
4054	907
4054	4053
4054	4055
4055	4053
2894	2891
2894	2892
2894	2893
2894	2902
2894	3022
2894	3090
2894	3224
2894	3225
2894	3226
2902	2891
2902	2892
2902	2893
2902	3022
2902	3090
564	1265
564	1266
564	1267
564	1268
564	1269
564	1270
564	1271
564	1272
564	1273
564	1274
564	1275
564	3089
564	3907
564	3908
3265	3267
63	302
63	386
63	814
63	2040
63	2041
63	2042
63	2043
63	2044
63	2045
63	2046
63	2047
63	2048
63	2049
63	2050
63	2051
63	2862
63	2863
63	2890
63	2896
63	2898
63	3001
63	3002
63	3003
63	3004
63	3006
63	3007
63	3008
302	1758
302	2040
386	540
386	547
386	814
386	1449
386	1450
386	2490
386	2491
386	2492
386	2493
386	2862
386	2863
386	2890
386	2896
386	2898
386	3001
386	3002
386	3003
386	3004
386	3006
386	3007
386	3008
386	3629
386	3631
386	3633
386	3634
386	3635
814	547
814	1449
814	1450
814	2862
814	2863
814	2890
814	2896
814	2898
814	3001
814	3002
814	3003
814	3004
814	3005
814	3006
814	3007
814	3008
814	3009
814	3010
814	3011
814	3629
814	3630
814	3631
814	3634
2040	2041
2040	2042
2040	2043
2040	2044
2040	2045
2040	2046
2040	2047
2040	2048
2040	2049
2040	2050
2040	2051
2044	2045
2044	2046
2044	2047
2044	2048
2045	2046
2045	2047
2045	2048
2046	2047
2046	2048
2047	2048
2862	2863
2862	2890
2862	2896
2862	2898
2862	3001
2862	3002
2862	3003
2862	3004
2862	3006
2862	3007
2862	3008
2863	2890
2863	2896
2863	2898
2863	3001
2863	3002
2863	3003
2863	3004
2863	3006
2863	3007
2863	3008
2863	3628
2863	3629
2863	3631
2863	3633
2863	3634
2863	3635
2890	2809
2890	2896
2890	2898
2890	3001
2890	3002
2890	3003
2890	3004
2890	3006
2890	3007
2890	3008
2890	3626
2890	3627
2890	3628
2890	3629
2890	3630
2890	3631
2890	3632
2890	3633
2890	3634
2890	3635
2890	3636
2890	3637
2890	3638
2890	3639
2890	3640
2890	3641
2890	3642
2890	3643
2896	2898
2896	3001
2896	3002
2896	3003
2896	3004
2896	3006
2896	3007
2896	3008
2896	3626
2896	3628
2896	3630
2896	3635
2898	3001
2898	3002
2898	3003
2898	3004
2898	3006
2898	3007
2898	3008
3001	3002
3001	3003
3001	3004
3001	3006
3001	3007
3001	3008
3002	3003
3002	3004
3002	3006
3002	3007
3002	3008
3003	3004
3003	3006
3003	3007
3003	3008
3004	3006
3004	3007
3004	3008
3006	3007
3006	3008
3007	3008
540	547
540	1874
540	2490
540	2491
540	2492
540	2493
547	947
547	948
547	1449
547	1450
547	1874
547	2490
547	2491
547	2492
547	2493
547	4121
1449	1450
2490	2491
2490	2492
2490	2493
2491	2492
2491	2493
2492	2493
3629	3627
3629	3630
3629	3632
3629	3634
3629	3635
3631	3627
3631	3628
3631	3632
3631	3635
3633	3627
3633	3630
3633	3632
3634	3626
3634	3632
3634	3635
3635	3626
3635	3628
3635	3632
3630	3626
3628	3632
2809	411
2809	2808
2809	2810
3626	3632
209	213
209	221
213	221
822	2114
822	2115
822	2116
822	2117
822	2118
822	2119
822	2120
2108	2110
2108	2111
2108	2113
2111	2112
2111	2113
2114	2115
2114	2116
2114	2117
2114	2118
2114	2119
2114	2120
2115	2116
2115	2117
2115	2118
2115	2119
2115	2120
2116	2117
2116	2118
2116	2119
2116	2120
2117	2118
2117	2119
2118	2119
2118	2120
3378	3380
3454	3455
2679	2680
2679	2681
2680	2681
3430	3431
3430	3432
3430	3433
3430	3434
3430	3435
3430	3436
3431	3432
3431	3433
3431	3434
3431	3435
3431	3436
3432	3433
3432	3434
3432	3435
3432	3436
3433	3434
3433	3435
3433	3436
3434	3435
3434	3436
3435	3436
633	1924
633	1925
633	1926
633	1927
633	1928
633	1929
633	1930
633	1931
633	1932
633	1933
633	3392
633	3393
633	3394
633	3395
3395	3393
81	332
81	2433
81	2434
81	3579
81	3580
332	2433
332	2434
332	3579
332	3580
579	2767
2767	2768
2768	2769
3579	3580
484	722
484	728
484	3083
530	2818
530	2819
530	2820
530	2821
530	2822
530	2823
530	2824
530	2825
530	3754
530	3755
561	639
722	728
722	3083
728	3083
1219	1220
1219	1221
1219	1229
1219	1230
1220	1221
1220	1229
1220	1230
1221	1224
1221	1225
1221	1228
1221	1229
1221	1230
1223	1224
1223	1225
1223	1228
1223	1229
1223	1230
1224	1225
1224	1226
1224	1227
1224	1228
1224	1229
1224	1230
1225	1226
1225	1227
1225	1228
1225	1229
1225	1230
1226	1227
1226	1228
1226	1229
1226	1230
1227	1228
1227	1229
1227	1230
1228	1229
1228	1230
1229	1230
2637	2638
2637	2639
2637	2640
2637	2641
2638	2639
2638	2640
2638	2641
2638	2642
2639	2640
2639	2641
2639	2642
2640	2641
2818	2822
2818	2823
2819	2820
2819	2821
2819	2822
2819	2823
2819	2824
2819	2825
4392	4393
2822	2820
2822	2821
2822	2823
2822	2824
2822	2825
2823	2820
2823	2821
2823	2824
2823	2825
3104	3105
3104	3106
3104	3107
3104	3108
3105	3107
3105	3108
3106	3107
3106	3108
3107	3108
3754	3755
3153	3154
3153	3155
3153	3156
3154	3155
3155	3156
3333	3336
3333	3337
3333	3335
3333	3338
3333	3339
3333	3340
3333	3341
3333	3342
3333	3343
3333	3345
3334	3336
3334	3337
3334	3335
3334	3338
3334	3339
3334	3340
3334	3341
3334	3342
3334	3343
3334	3344
3334	3345
3335	3336
3335	3337
3335	3338
3335	3339
3335	3340
3335	3341
3335	3342
3335	3343
3335	3344
3335	3345
3336	881
3336	1998
3336	3337
3336	3338
3336	3339
3336	3340
3336	3341
3336	3342
3336	3343
3336	3344
3336	3345
3337	881
3337	1998
3337	3338
3337	3339
3337	3340
3337	3341
3337	3342
3337	3343
3337	3344
3337	3345
3338	3339
3338	3340
3338	3341
3338	3342
3338	3343
3338	3344
3338	3345
3339	3340
3339	3341
3339	3342
3339	3343
3339	3344
3339	3345
3340	3341
3340	3342
3340	3343
3340	3344
3340	3345
3341	3342
3341	3343
3341	3344
3341	3345
3342	3343
3342	3344
3342	3345
3343	3344
3343	3345
3344	3345
477	889
477	1342
477	1343
477	1344
477	1345
477	1346
477	1347
477	1348
477	1349
580	375
580	1176
580	1177
580	1178
580	1179
580	1180
580	1181
580	1182
580	1183
580	1184
580	1185
671	686
671	889
671	1362
686	889
686	1362
889	1342
889	1343
889	1344
889	1345
889	1346
889	1347
889	1348
889	1349
889	1362
889	3113
889	3114
889	3115
889	3116
889	3117
889	3118
889	3119
889	3120
889	3121
889	3122
889	3125
889	3126
1342	1343
1342	1344
1342	1345
1342	1346
1342	1347
1342	1348
1342	1349
1343	1344
1343	1345
1343	1346
1343	1347
1343	1348
1343	1349
1344	1345
1344	1346
1344	1347
1344	1348
1344	1349
1345	1346
1345	1347
1345	1348
1345	1349
1346	1347
1346	1348
1346	1349
1347	1348
1347	1349
1348	1349
3113	3114
3113	3116
3113	3117
3114	3115
3114	3116
3114	3117
3115	3116
3115	3117
3116	3117
3117	3118
3117	3119
3117	3120
3117	3121
3117	3122
3117	3125
3117	3126
3117	3787
3117	3790
3118	3119
3118	3120
3118	3121
3118	3122
3118	3125
3118	3126
3119	3120
3119	3121
3119	3122
3119	3125
3119	3126
3120	3121
3120	3122
3120	3125
3120	3126
3121	3122
3121	3125
3121	3126
3122	3125
3122	3126
3125	3126
3787	3788
3787	3789
3787	3790
3788	3789
375	1176
375	1177
375	1178
375	1179
375	1180
375	1181
375	1182
375	1183
375	1184
375	1185
1176	1177
1176	1178
1176	1179
1176	1180
1176	1181
1176	1182
1176	1183
1176	1184
1176	1185
1177	1178
1177	1179
1177	1180
1177	1181
1177	1182
1177	1183
1177	1184
1177	1185
1178	1179
1178	1180
1178	1181
1178	1182
1178	1183
1178	1184
1178	1185
1179	1180
1179	1181
1179	1182
1179	1183
1179	1184
1179	1185
1180	1181
1180	1182
1180	1183
1180	1184
1180	1185
1181	1182
1181	1183
1181	1184
1181	1185
1182	1183
1182	1184
1182	1185
1183	1184
1183	1185
1184	1185
2060	2061
2060	2062
2060	2067
2060	2070
2060	2071
2060	2072
2060	2073
2061	2062
2061	2067
2061	2070
2061	2071
2061	2072
2061	2073
2062	2067
2062	2070
2062	2071
2062	2072
2062	2073
2067	2070
2067	2071
2067	2072
2067	2073
2070	2071
2070	2072
2070	2073
2071	2072
2071	2073
2072	2073
1473	1474
1473	1475
1473	1476
1474	1475
1474	1476
1474	2827
1474	3765
1474	3944
1475	1476
1475	3765
3765	3944
1377	1379
1379	1380
1379	1383
1379	1384
1379	1385
1383	1384
1383	1385
1384	1385
2583	2584
3644	3645
3644	3646
3645	3646
963	964
963	965
963	966
963	967
963	968
963	969
963	970
964	965
964	966
964	967
964	968
964	969
964	970
965	966
965	967
965	968
965	969
965	970
966	967
966	968
966	969
966	970
967	968
967	969
967	970
967	971
967	2964
967	2967
967	2968
967	2969
967	2970
968	969
968	970
968	971
968	2967
968	2968
968	2969
968	2970
969	970
969	971
969	2964
969	2966
969	2967
969	2969
969	2970
970	971
970	2964
970	2967
970	2968
970	2969
970	2970
971	2967
971	2968
971	2969
971	2970
2964	2967
2967	2969
2967	2970
2969	2970
828	2507
828	2508
828	2509
828	3610
847	1891
847	1892
847	1893
847	1894
847	2510
847	3950
2507	2508
3402	3403
3402	3404
3403	3404
1891	1892
1891	1893
1891	1894
1892	1893
1892	1894
1893	1894
75	3969
1259	1262
90	2580
90	2581
90	3960
90	3962
90	3963
3377	3381
3377	3382
3377	3383
3377	3384
3377	3385
3381	3382
3757	3960
3757	3962
3757	3963
3757	3762
3757	3936
3762	3960
3762	3962
3960	3961
3960	3962
3962	3963
1002	1003
1002	1004
1002	1005
1002	1006
1002	2990
1002	2991
1003	1004
1003	1005
1003	1006
1003	2990
1003	2991
1004	1005
1004	1006
1004	2990
1004	2991
1005	1006
1005	2990
1005	2991
1006	2990
1006	2991
2990	2991
1848	1849
1848	1850
1848	1851
1849	1858
1849	1850
1849	1851
1850	1851
1852	1858
1852	1855
1852	1856
1853	1855
1853	1856
1853	1857
1853	1858
1854	1855
1854	1856
1854	1857
1854	1858
1855	1857
1855	1858
1856	1857
1856	1858
1857	1858
3384	3385
1202	549
1202	3933
3933	549
3933	3934
3934	549
2309	2313
3588	3589
3588	3591
3589	3590
3590	3591
3590	3592
3591	3592
2733	2734
2733	2735
2733	2736
2733	2737
2733	2738
2733	2739
2733	2740
2734	2735
2734	2736
2734	2737
2734	2739
2734	2740
2735	2736
2735	2737
2735	2739
2735	2740
2736	2737
2736	2739
2736	2740
2737	2738
2737	2739
2737	2740
2738	2739
2738	2740
2739	2740
598	599
598	649
598	650
598	2835
598	2836
598	2837
598	2851
598	2858
598	3218
598	3219
598	3220
598	3221
598	3222
598	3223
599	649
599	650
599	2835
599	2836
599	2837
599	2851
599	2858
599	3218
599	3219
599	3220
599	3221
599	3222
599	3223
649	650
649	2835
649	2836
649	2837
649	2858
649	3218
649	3219
649	3220
649	3221
649	3222
649	3223
650	2835
650	2836
650	2837
650	2858
650	3218
650	3219
650	3220
650	3221
650	3222
650	3223
2835	2836
2835	2837
2835	2858
2836	2837
2836	2858
2837	2858
1895	3704
1895	3705
1895	3706
1895	3707
1895	3708
1895	3709
2820	2821
2820	2824
2820	2825
2821	2824
2821	2825
2824	2825
87	861
87	2729
87	2730
87	2731
87	2732
87	3739
87	3740
87	3741
87	3742
861	2730
861	2731
861	2732
2729	2730
2729	2731
2729	3739
2729	3740
2730	2731
2730	2732
2730	3739
2730	3740
2731	2732
2731	3739
2731	3740
3739	3740
3740	3741
3740	3742
3741	3742
1056	1057
1056	1058
1056	1059
1056	1060
1056	4237
1057	1058
1057	1059
1057	1060
1057	1061
1057	4237
1058	1059
1058	1060
1058	1061
1058	4237
1059	1060
1059	1061
1059	4237
1060	4237
1064	1065
1064	1066
1064	4242
1064	4243
1064	4244
1064	4245
1064	4246
1064	4247
1064	4248
1064	4249
1065	4242
1065	4243
1065	4244
1065	4245
1065	4246
1066	4243
1066	4244
1066	4245
1066	4246
1066	4247
1066	4248
1066	4249
1068	4250
3856	3857
3856	3859
3856	3861
3856	3866
3857	3865
3858	3860
3858	3862
3858	3863
3858	3864
3859	3861
3859	3866
3860	3862
3860	3863
3860	3864
3861	3866
3862	3865
3863	3864
4242	4243
4242	4244
4242	4245
4243	4244
4243	4245
4243	4246
4243	4247
4243	4248
4243	4249
4244	4245
4244	4246
4244	4247
4244	4248
4244	4249
4245	4246
4245	4247
4245	4248
4245	4249
4246	4247
4246	4248
4246	4249
4247	4248
4247	4249
4248	4249
2580	2581
159	152
159	369
159	604
159	874
159	950
159	951
159	955
159	1978
159	1979
159	1980
159	1981
159	1982
159	1983
159	1984
159	1985
159	1986
159	1987
159	1988
159	1989
159	1990
159	3411
159	3412
159	3413
159	3414
159	3415
159	3416
159	3417
159	3418
159	3419
159	3420
369	387
369	519
369	604
369	874
369	949
369	950
369	951
369	952
369	953
369	954
369	955
369	1990
369	2443
949	950
949	951
949	954
950	951
950	954
951	952
951	953
952	953
563	3023
563	3024
563	3025
3023	3024
3023	3025
3024	3025
3704	3705
3704	3706
3704	3707
3704	3708
3704	3709
3704	3710
3705	3706
3705	3707
3705	3708
3705	3709
3706	3707
3706	3708
3706	3709
3707	3708
3707	3709
3708	3709
93	892
93	2076
93	3677
3677	3676
3677	3679
662	137
662	852
662	2470
662	2471
662	2472
662	2473
662	2474
662	2476
662	2477
662	2478
662	2479
2839	3676
3676	3678
3676	3679
902	4052
903	904
903	2934
907	908
907	2930
907	2931
907	2936
907	4057
907	4058
908	4057
908	4058
2930	2932
2930	2935
2930	2936
2931	2932
2931	2933
2932	2933
2935	2936
4057	4058
180	709
180	2132
180	2133
180	2134
180	2135
180	2136
180	2137
180	2138
180	2139
180	2140
180	2141
180	2142
180	2143
180	2144
180	2145
709	575
709	1944
709	1947
709	2132
709	2133
709	2134
709	2135
709	2137
709	2138
709	2139
709	2141
709	2143
709	2144
709	2145
2132	2133
2132	2134
2132	2135
2132	2137
2132	2138
2132	2139
2132	2141
2132	2142
2132	2143
2132	2144
2132	2145
2133	2134
2133	2135
2133	2137
2133	2138
2133	2139
2133	2141
2133	2142
2133	2143
2133	2144
2133	2145
2134	2135
2134	2137
2134	2138
2134	2139
2134	2141
2134	2142
2134	2143
2134	2144
2134	2145
2135	2137
2135	2138
2135	2139
2135	2141
2135	2142
2135	2143
2135	2144
2135	2145
2137	2138
2137	2139
2137	2141
2137	2142
2137	2143
2137	2144
2137	2145
2138	2139
2138	2141
2138	2142
2138	2143
2138	2144
2138	2145
2139	2141
2139	2142
2139	2143
2139	2144
2139	2145
2141	2142
2141	2143
2141	2144
2141	2145
2142	2143
2142	2144
2142	2145
2143	2144
2143	2145
2144	2145
2399	2403
2401	2402
2401	2404
2402	2404
3144	3145
3144	3146
3144	3147
3144	3148
3144	3149
3144	3150
3144	3151
3145	3146
3145	3147
3145	3148
3145	3149
3145	3150
3145	3151
3146	3147
3146	3148
3146	3149
3146	3150
3146	3151
3147	3148
3147	3149
3147	3150
3147	3151
3148	3149
3148	3150
3148	3151
3149	3150
3149	3151
3150	3151
1845	1846
1845	1847
1846	1847
3137	3140
444	1752
444	1753
444	1754
444	1755
444	1756
444	1757
444	3937
444	3938
818	881
818	1995
818	1996
818	1997
818	1998
881	1995
881	1996
881	1997
881	1998
1995	1996
1995	1998
1997	1998
1998	2001
1998	3768
1999	2000
1999	2001
1999	2002
2000	2001
2000	2002
2001	2002
3768	3769
1114	1115
1114	4305
1114	4306
1115	4305
1115	4306
3027	3028
3027	3029
3028	3029
4305	4306
1429	1430
1429	1431
1430	1431
3152	3829
2840	2841
2840	2842
2840	2843
2840	2852
2840	2881
2840	2884
2840	2885
2840	2886
2840	2887
2840	2888
2841	2842
2841	2843
2841	2852
2841	2881
2841	2884
2841	2885
2841	2886
2841	2887
2841	2888
2842	2843
2842	2852
2842	2881
2842	2884
2842	2885
2842	2886
2842	2887
2842	2888
2843	2852
2843	2881
2843	2884
2843	2885
2843	2886
2843	2887
2843	2888
2852	2881
2852	2884
2852	2885
2852	2886
2852	2887
2852	2888
2881	2884
2881	2885
2881	2886
2881	2887
2881	2888
2884	2885
2884	2886
2884	2887
2884	2888
2885	2886
2885	2887
2885	2888
2886	2887
2886	2888
2887	2888
623	2752
3842	3843
800	913
800	914
800	915
800	916
800	917
800	918
800	919
800	920
800	921
800	922
800	923
800	924
800	2937
800	2938
914	915
914	916
914	917
914	918
914	919
914	920
914	921
914	922
914	923
914	924
915	916
915	917
915	918
915	919
915	920
915	921
915	922
915	923
915	924
916	917
916	918
916	919
916	920
916	921
916	922
916	923
916	924
916	2937
916	2938
917	918
917	919
917	920
917	921
917	922
917	923
917	924
917	2937
917	2938
918	919
918	920
918	921
918	922
918	923
918	924
919	920
919	921
919	922
919	923
919	924
920	921
920	922
920	923
920	924
921	922
921	923
921	924
922	923
922	924
923	924
3486	3487
3653	3654
3655	3656
137	250
137	852
137	2468
137	2469
137	2470
137	2471
137	2472
137	2473
137	2474
137	2475
137	2476
137	2477
137	2478
137	2479
137	3593
137	3844
250	852
250	2468
852	2468
852	2470
852	2472
852	2473
852	2474
852	2475
852	2476
852	2477
852	2478
852	2479
2470	2471
2470	2472
2470	2473
2470	2474
2470	2475
2470	2476
2470	2477
2470	2478
2470	2479
2470	3228
2470	3229
2470	3230
2470	3231
2471	2472
2471	2473
2471	2474
2471	2476
2471	2477
2471	2478
2471	2479
2471	3593
2472	2473
2472	2474
2472	2476
2472	2477
2472	2478
2472	2479
2473	2474
2473	2476
2473	2477
2473	2478
2473	2479
2474	2476
2474	2477
2474	2478
2474	2479
2475	2476
2475	2477
2475	2478
2475	2479
2476	2477
2476	2478
2476	2479
2477	2478
2477	2479
2478	2479
3228	3229
3228	3230
3228	3231
3229	3230
3229	3231
3230	3231
2483	2486
2483	2487
2486	2487
817	570
817	571
817	1593
817	1594
817	1595
817	1596
817	1597
817	1598
817	1599
817	1600
817	1601
817	1602
817	1603
817	1605
817	1606
817	1607
817	1608
817	1609
817	2054
817	2297
817	3232
817	3233
817	3537
817	3538
817	3539
817	3540
817	3541
817	3777
817	3778
1593	1594
1593	1595
1593	1596
1593	1597
1593	1598
1594	1595
1594	1596
1594	1597
1594	1598
1594	1599
1594	1602
1594	1603
1594	1605
1594	1606
1594	3232
1595	570
1595	571
1595	1596
1595	1597
1595	1598
1595	1599
1595	3537
1595	3538
1595	3539
1595	3540
1595	3541
1596	1597
1596	1598
1597	1598
1597	1599
1597	1602
1597	1603
1597	1605
1597	1606
1597	3232
1600	1601
1600	1602
1600	1603
1600	1605
1600	1606
1600	1607
1601	1602
1601	1603
1602	1603
1602	1605
1602	1606
1602	1607
1602	1608
1602	1609
1602	2054
1602	3232
1602	3233
1602	3777
1602	3778
1603	1605
1603	1606
1603	1607
1603	1608
1603	1609
1603	3232
1605	1606
1605	1607
1605	1608
1605	1609
1605	2054
1605	3232
1605	3233
1605	3777
1606	1607
1606	1608
1606	1609
1606	2054
1606	3232
1606	3233
1606	3777
1607	1608
1607	1609
1608	1609
2052	2054
2052	2055
2054	2055
2054	3233
2054	3777
2054	3778
3233	3777
3233	3778
184	562
184	1047
184	3889
184	3890
184	3891
184	4221
184	4222
2227	2228
2227	2229
2227	2230
2227	2231
2227	2232
2227	2233
2228	2229
2228	2230
2228	2231
2228	2232
2228	2233
2229	2230
2229	2231
2229	2232
2229	2233
2230	2231
2230	2232
2230	2233
2231	2232
2231	2233
2232	2233
570	571
570	2294
570	2295
570	2296
570	2297
570	2298
570	3503
570	3504
570	3505
570	3506
570	3507
570	3508
570	3509
570	3510
570	3511
570	3512
570	3537
570	3538
570	3539
570	3540
570	3541
571	2294
571	2295
571	2296
571	2297
571	2298
571	3503
571	3504
571	3505
571	3506
571	3507
571	3508
571	3509
571	3510
571	3537
571	3538
571	3539
571	3540
571	3541
2294	2295
2294	2296
2294	2297
2294	2298
2294	3503
2294	3504
2294	3505
2294	3506
2294	3507
2294	3508
2294	3509
2294	3510
2295	2296
2295	2297
2295	2298
2295	3503
2295	3504
2295	3505
2295	3506
2295	3507
2295	3508
2295	3509
2295	3510
2296	2297
2296	2298
2296	3503
2296	3504
2296	3505
2296	3506
2296	3507
2296	3508
2296	3509
2296	3510
2297	2298
2297	3503
2297	3504
2297	3505
2297	3508
2297	3509
2297	3510
3537	3538
3537	3539
3537	3540
3537	3541
3538	3539
3538	3540
3538	3541
3539	3540
3539	3541
3540	3541
947	948
947	2951
947	2952
947	2953
947	4121
948	4121
2951	2952
2951	2953
2952	2953
152	336
152	666
152	774
152	788
152	821
152	825
152	1978
152	1979
152	1980
152	2779
152	2780
152	2781
152	2782
152	2783
152	2784
152	2785
152	3680
152	3681
152	3682
152	3683
152	3684
152	3686
152	3687
152	3688
152	3689
152	3690
152	3691
2785	666
2785	788
2785	821
666	336
666	774
666	788
666	821
666	825
666	2779
666	2780
666	2784
788	336
788	774
788	821
788	825
788	2779
788	2780
788	2784
821	336
821	774
821	825
821	2779
821	2780
821	2781
821	2784
821	3680
821	3681
821	3682
821	3683
821	3684
821	3686
821	3687
821	3688
821	3689
821	3690
821	3691
825	336
825	774
825	2779
825	2780
825	2784
3715	3716
3717	3718
1199	1200
1199	4370
552	549
552	1662
552	1663
552	1664
552	1665
552	2104
552	3977
1662	549
1662	1663
1662	1664
1662	1665
1664	1663
1665	549
1665	1663
549	1663
1200	4370
1204	3063
3061	3062
3167	3168
3167	3169
3168	3169
1264	3759
413	1839
413	1840
413	1841
413	2653
413	2654
413	2655
413	2656
413	2657
413	2658
413	2659
413	3375
413	3719
413	3720
413	3909
413	3910
413	3911
413	3912
2653	2654
2653	2655
2653	2656
2653	2657
2653	2658
2653	2659
2654	2655
2654	2656
2654	2657
2654	2658
2654	2659
2654	3719
2654	3720
2654	3909
2654	3910
2655	2656
2655	2657
2655	2658
2655	2659
2655	3719
2655	3720
2655	3909
2655	3910
2656	2657
2656	2658
2656	2659
2656	3719
2656	3720
2656	3909
2656	3910
2657	2658
3375	3911
3375	3912
3909	3910
3911	3912
842	362
842	1289
842	2078
842	2080
842	2081
842	2082
842	2083
842	2084
842	2085
842	3711
842	3712
1289	1290
1289	1292
1290	1291
1290	1296
1290	2078
1291	2078
2078	362
2078	2077
2078	2079
2078	2080
2078	2081
2078	2082
2078	2083
2078	2084
2078	2085
336	774
336	2779
336	2780
774	594
774	2674
774	2675
774	2677
774	2779
774	2780
774	2781
774	3680
774	3681
774	3682
774	3683
774	3684
774	3685
774	3686
774	3687
774	3688
774	3689
774	3690
774	3691
1978	874
1978	1980
1978	1981
1979	1980
2779	2780
2779	2781
2779	3680
2779	3681
2779	3682
2779	3683
2779	3684
2779	3686
2779	3687
2779	3688
2779	3689
2779	3690
2779	3691
2781	3680
2781	3681
2781	3682
2781	3683
2781	3684
2781	3686
2781	3687
2781	3688
2781	3689
2781	3690
2781	3691
3680	3681
3680	3682
3680	3683
3680	3684
3680	3686
3680	3687
3680	3688
3680	3689
3680	3690
3680	3691
3681	3682
3681	3683
3681	3684
3681	3686
3681	3687
3681	3688
3681	3689
3681	3690
3681	3691
3682	3683
3682	3684
3682	3686
3682	3687
3682	3688
3682	3689
3682	3690
3682	3691
3683	3684
3683	3686
3683	3687
3683	3688
3683	3689
3683	3690
3683	3691
3684	3686
3684	3687
3684	3688
3684	3689
3684	3690
3684	3691
3686	3687
3686	3688
3686	3689
3686	3690
3686	3691
3687	3688
3687	3689
3687	3690
3687	3691
3688	3689
3688	3690
3688	3691
3689	3690
3689	3691
3690	3691
604	874
604	955
604	1318
604	1319
604	1320
604	1321
604	1987
874	1982
874	1985
874	1986
874	1987
874	1988
874	1989
874	1990
874	3411
874	3412
874	3413
874	3414
874	3415
874	3416
874	3417
874	3418
874	3419
1981	1982
1983	1984
1985	1986
1985	1987
1985	3413
1985	3416
1985	3417
1985	3418
1986	3413
1986	3415
1987	1988
1987	1989
1987	1990
1988	1989
1988	1990
1989	1990
3411	3413
3411	3414
3411	3415
3411	3416
3412	3413
3413	3414
3413	3415
3413	3416
3413	3417
3414	3415
3414	3416
3414	3417
3415	3416
3415	3418
3415	3419
3416	3417
594	2673
594	2674
594	2675
594	2676
594	2677
2674	2673
2674	2675
2674	2676
2674	2677
2675	2677
2677	2673
2923	430
2923	1281
2923	3446
2923	3447
2923	3448
2923	3449
2923	3450
2923	3451
2923	3452
2923	3453
2923	3522
2923	3523
2923	3529
2923	3531
3520	3521
3520	3522
3520	3523
3520	3529
3520	3531
3521	3522
3521	3527
3521	3528
3521	3529
3521	3530
3521	3531
3522	3523
3522	3524
3522	3527
3522	3528
3522	3529
3522	3530
3522	3531
3523	3525
3523	3526
3523	3527
3523	3528
3523	3529
3523	3530
3523	3531
3524	3525
3524	3526
3524	3527
3524	3528
3525	3526
3525	3527
3525	3528
3526	3527
3526	3528
3527	3528
3527	3531
3528	3531
3529	3530
3529	3531
387	519
387	1192
387	1193
387	1194
387	1195
387	1196
387	1197
387	2443
387	4358
387	4359
387	4360
387	4361
387	4362
387	4363
387	4364
387	4365
519	2435
519	2436
519	2437
519	2438
519	2439
519	2440
519	2441
519	2442
519	2443
519	2444
519	2445
1318	1319
1318	1320
1318	1321
1319	1320
1319	1321
407	2012
407	2013
407	2014
407	2015
407	2016
407	2017
407	2018
407	2019
407	2020
407	2021
407	2022
407	2023
407	2024
407	2025
407	2026
407	2027
2012	2018
2012	2019
2019	2018
2019	2020
2019	2021
161	2209
161	2210
161	2211
161	2212
161	2213
161	2214
161	2215
161	2216
161	2217
161	2218
161	3476
161	3477
161	3478
161	3479
161	3480
161	3481
161	3482
161	3483
161	3484
161	3485
161	3902
161	3903
161	3904
161	3905
161	3906
2209	2214
2209	2215
2209	2216
2209	2218
2210	2214
2210	2218
2211	2213
2211	2215
2211	2216
2212	2213
2212	2214
2212	2215
2212	2216
2212	2217
2212	2218
2213	2215
2213	2216
2213	2217
2213	2218
2213	3476
2213	3477
2213	3478
2213	3479
2213	3480
2213	3481
2213	3482
2213	3483
2213	3484
2213	3485
2213	3902
2213	3903
2213	3904
2213	3905
2213	3906
2214	2215
2214	2216
2214	2218
2215	2216
2215	2217
2215	2218
2215	3478
2215	3483
2215	3485
2215	3902
2215	3903
2215	3904
2215	3905
2215	3906
2216	2217
2216	2218
2217	2218
2218	3476
2218	3477
2218	3478
2218	3479
2218	3480
2218	3481
2218	3482
2218	3483
2218	3484
2218	3485
2218	3902
2218	3903
2218	3904
2218	3905
2218	3906
3476	3477
3476	3478
3476	3483
3476	3484
3477	3478
3477	3479
3477	3480
3477	3481
3477	3483
3477	3485
3478	3479
3478	3480
3478	3481
3478	3482
3478	3483
3478	3484
3478	3485
3478	3902
3478	3903
3478	3904
3478	3905
3478	3906
3479	3480
3479	3481
3479	3483
3479	3484
3479	3485
3480	3481
3480	3483
3480	3484
3480	3485
3481	3485
3483	3484
3483	3485
3483	3902
3483	3903
3483	3904
3483	3905
3483	3906
3484	3485
3485	3902
3485	3903
3485	3904
3485	3905
3485	3906
3902	3903
3902	3904
3902	3905
3902	3906
3903	3904
3903	3905
3903	3906
3904	3905
3904	3906
3905	3906
876	877
876	2278
876	2279
877	2278
877	2279
2273	2275
2273	2276
2273	2277
2275	2276
2275	2277
2276	2277
2278	2279
347	1818
347	1819
347	1820
347	1821
347	1822
347	1823
347	1824
347	1825
347	1826
347	1827
347	1828
347	1829
347	1830
347	1831
347	1832
347	3363
347	3364
347	3365
347	3366
347	3367
347	3368
3367	3363
3367	3364
3367	3365
3367	3366
3367	3368
560	2514
2660	2661
2660	2662
2660	2663
2660	2664
2660	2665
2661	2662
2661	2663
2661	2664
2661	2665
2662	2663
2662	2664
2662	2665
2663	2664
2663	2665
2664	2665
1573	1574
1574	1575
1574	1576
1575	1576
169	612
169	1534
169	1535
169	1536
169	1537
169	1538
169	1539
169	1540
169	3102
612	1534
612	1535
612	1536
612	1537
1534	1535
1534	1536
1534	1537
1534	1538
1534	1539
1534	1540
1534	3102
1535	1536
1535	1537
1536	1537
1536	1539
1538	1539
1539	3102
2891	2892
2891	2893
2891	3224
2891	3225
2891	3226
2892	2893
2892	3224
2892	3225
2892	3226
2892	3227
2893	3224
2893	3225
2893	3226
2893	3227
3224	3225
3224	3226
3225	3226
575	1941
575	1942
575	1943
575	1944
575	1945
575	1946
575	1947
575	1948
575	1949
575	1950
575	1951
575	1952
575	1953
575	1954
575	1955
575	1956
575	1957
575	1958
575	1959
575	1960
575	1961
575	3396
575	3397
575	3398
575	3399
575	3400
575	3401
575	3767
575	3940
575	3941
575	3942
575	3943
1944	1945
1944	1946
1944	1947
1944	1948
1944	1949
1944	1954
1947	1945
1265	1266
1265	1267
1265	1269
1265	1270
1265	1271
1265	1272
1265	1273
1265	1274
1265	1275
1265	3089
1265	3907
1265	3908
1266	1268
1266	1269
1266	1270
1266	1271
1266	3907
1268	1269
1270	1271
1270	1272
1270	1273
1270	1274
1270	1275
1271	1272
1271	1273
1271	1274
1271	1275
1272	1273
1272	1274
1272	1275
1273	1274
1273	1275
1274	1275
3157	3158
3157	3159
3157	3160
3157	3161
3158	3159
3158	3160
3158	3161
3159	3160
3159	3161
562	1047
562	3889
562	3890
1047	3889
3889	3890
3889	3891
3236	3237
3236	3238
3236	3239
3236	3955
3236	3957
3236	3958
3236	3959
3237	3238
3237	3239
3237	3955
3237	3957
3237	3958
3237	3959
3238	3239
3238	3955
3238	3957
3238	3958
3238	3959
3239	3955
3239	3957
3239	3958
3239	3959
3955	3957
3955	3958
3955	3959
3957	3958
3957	3959
3958	3959
2851	3330
2851	3331
2851	3332
3330	3331
3330	3332
3331	3332
3031	3033
3243	3244
3243	3245
3243	3246
3244	3245
3244	3246
3245	3246
3600	3601
3600	3602
3600	3603
3601	3602
3601	3603
3602	3603
514	926
514	927
514	2874
514	2897
514	2939
514	2940
514	2941
514	3215
514	3216
514	4073
514	4074
514	4075
514	4076
514	4077
514	4078
926	927
2874	2883
2874	2897
2874	2940
2874	3213
2874	3214
2874	3215
2874	3216
2874	3217
2874	3295
2874	3976
2941	2939
3218	3219
3218	3220
3218	3221
3218	3222
3218	3223
3219	3220
3219	3221
3219	3222
3219	3223
3220	3221
3220	3222
3220	3223
3221	3222
3221	3223
3222	3223
2576	2577
2576	2578
2576	2579
2576	3624
2576	3625
2577	2578
2577	2579
2577	3624
2577	3625
2578	2579
2578	3624
2578	3625
2579	3624
2579	3625
672	2164
2164	2165
2164	2166
1186	3047
398	396
398	1140
398	1141
398	1142
398	1144
398	1145
398	1147
398	1156
398	1411
398	1412
398	1413
398	1414
398	1415
398	1416
398	1417
398	1418
398	1419
398	1420
398	1421
398	1422
398	1423
398	1424
398	4346
398	4347
398	4349
1411	1412
1411	1413
1411	1414
1411	1415
1411	1416
1411	1417
1411	1418
1411	1419
1411	1420
1411	1421
1411	1422
1411	1423
1411	1424
1412	1413
1412	1414
1412	1415
1412	1416
1412	1417
1412	1418
1412	1419
1412	1420
1412	1421
1412	1422
1412	1423
1412	1424
1413	1414
1413	1415
1413	1416
1413	1417
1413	1418
1413	1419
1413	1420
1413	1421
1413	1422
1413	1423
1413	1424
1414	1415
1414	1416
1414	1417
1414	1418
1414	1419
1414	1420
1414	1421
1414	1422
1414	1423
1414	1424
1415	1416
1415	1417
1415	1418
1415	1419
1415	1420
1415	1421
1415	1422
1415	1423
1415	1424
1416	1417
1416	1418
1416	1419
1416	1420
1416	1421
1416	1422
1416	1423
1416	1424
1417	1418
1417	1419
1417	1420
1417	1421
1417	1422
1417	1423
1417	1424
1418	1419
1418	1420
1418	1421
1418	1422
1418	1423
1418	1424
1419	1420
1419	1421
1419	1422
1419	1423
1419	1424
1420	1421
1420	1422
1420	1423
1420	1424
1421	1422
1421	1423
1421	1424
1422	1423
1422	1424
1423	1424
3544	3545
4276	4277
3247	3248
3247	3249
3247	3771
3247	3772
3248	3249
3248	3771
3248	3772
3249	3771
3249	3772
3771	3772
351	1425
351	1426
351	1427
351	3162
351	3163
351	3164
351	3165
351	3166
1426	1427
1918	1919
1918	1920
1918	1921
1919	1920
1919	1921
1919	1922
1919	1923
1920	1921
1920	1922
1920	1923
1921	1922
1921	1923
1922	1923
3951	3952
3951	3953
3951	3954
3952	3953
3952	3954
3352	3353
3352	3354
3352	3355
3352	3356
3352	3357
3352	3358
3352	3359
3353	3354
3353	3355
3353	3356
3353	3357
3353	3358
3353	3359
3354	3355
3354	3356
3354	3357
3354	3358
3354	3359
3355	3356
3355	3357
3355	3358
3355	3359
3356	3357
3356	3359
3357	3358
3357	3359
3358	3359
647	2319
897	898
897	899
897	900
2319	586
2319	2320
2319	2321
2319	3532
2319	3533
2319	3534
1818	1827
1820	1827
1821	1822
1822	1827
1824	1825
1824	1826
1825	1826
3363	3364
3363	3365
3363	3368
3364	3365
3364	3366
3364	3368
3365	3366
898	899
3162	3163
3162	3164
3162	3165
3163	3164
3163	3165
3164	3165
362	2077
362	2079
362	2080
362	2081
362	2082
362	2083
362	2084
362	2085
362	3439
362	3440
362	3441
362	3442
2080	2077
2080	2079
2080	2082
2081	2077
2081	2079
2081	2082
2081	2084
2081	2085
2081	3439
2081	3440
2081	3441
2081	3442
2082	2079
2082	2083
2082	2084
2082	2085
2082	3711
2082	3712
2083	2077
2083	2079
2083	2084
2083	2085
2084	2077
2084	2079
2084	2085
2085	2079
2085	3711
2085	3712
3711	3712
2077	2079
3439	3440
3439	3441
3439	3442
3440	3441
3440	3442
3441	3442
1019	1020
1019	1022
1019	1023
1019	1024
1019	4182
1019	4183
1020	1022
1020	1023
1020	1024
1020	4183
1022	1023
1022	1024
1022	4183
1023	1024
1023	4183
1024	4183
2996	2997
2996	2998
2997	2998
1192	1193
1192	1194
1192	1195
1192	4358
1192	4359
1192	4364
1192	4365
1193	1195
1193	4358
1193	4359
1194	1195
1194	4364
1195	4358
1195	4359
1195	4360
1195	4364
1195	4365
1196	1197
1196	4362
1196	4363
1197	4362
1197	4363
4358	4359
4360	4364
4362	4363
4362	4365
4363	4365
4364	4365
2435	2438
2435	2444
2435	2445
2436	2439
2436	2440
2436	2441
2436	2442
2437	2444
2437	2445
2438	2440
2438	2441
2438	2444
2438	2445
2439	2440
2439	2441
2439	2442
2440	2441
2440	2442
2441	2442
2444	2445
2883	3293
2883	3294
2883	3295
2883	3296
2883	3976
2897	559
2897	3213
2897	3215
2897	3216
3213	3216
3295	3293
3295	3294
3295	3296
3296	3293
3296	3294
3214	3217
3217	3215
3293	3294
3547	3548
3547	3551
478	840
478	2405
478	2406
478	2407
840	1739
840	1740
1739	1740
2015	2016
2015	2017
2016	2017
2018	2020
2020	2021
396	553
396	1139
396	1140
396	1141
396	1142
396	1143
396	1144
396	1145
396	1146
396	1147
396	1148
396	1149
396	1150
396	1151
396	1152
396	1153
396	1155
396	1156
396	1157
396	1158
396	1159
396	1160
396	1161
396	4346
396	4347
396	4348
396	4349
396	4350
553	2202
553	2203
553	2204
553	2205
553	2206
553	2207
553	2208
553	3474
553	3475
1139	1143
1139	1144
1139	1147
1139	1148
1139	4346
1139	4347
1140	1141
1140	1142
1140	1144
1140	1147
1140	1156
1140	4346
1140	4347
1141	1147
1141	1156
1141	4346
1141	4347
1142	1143
1142	1144
1142	1145
1142	1147
1142	1148
1142	1156
1142	4346
1142	4347
1142	4349
1143	1144
1143	1145
1143	1147
1143	1148
1143	1156
1143	4346
1143	4349
1144	1145
1144	1147
1144	1148
1144	1156
1144	4346
1144	4347
1144	4349
1145	1146
1145	1147
1145	1148
1145	1156
1145	4346
1145	4347
1146	1147
1147	1148
1147	1156
1147	4346
1147	4347
1147	4349
1148	4346
1148	4347
1148	4349
1156	4347
1156	4349
4346	4347
4347	4349
2202	2203
2202	2204
2202	2205
2202	2206
2202	2207
2202	2208
2202	3474
2202	3475
2203	2204
2203	2205
2203	2206
2203	2207
2203	2208
2204	2205
2204	2206
2204	2207
2204	2208
2205	2206
2205	2207
2205	2208
2206	2207
2206	2208
2207	2208
3474	3475
2454	2462
411	2801
411	2802
411	2803
411	2804
411	2805
411	2806
411	2807
411	2808
411	2810
411	2811
411	2812
411	2813
2801	2802
2801	2803
2801	2804
2801	2805
2801	2807
2801	2811
2801	2812
2801	2813
2802	2803
2802	2804
2802	2805
2802	2807
2802	2811
2802	2812
2802	2813
2803	2804
2803	2805
2803	2807
2803	2811
2803	2812
2803	2813
2804	2805
2804	2807
2804	2811
2804	2812
2804	2813
2805	2807
2805	2811
2805	2812
2805	2813
2807	2811
2807	2812
2807	2813
2808	2810
2811	2812
2811	2813
2812	2813
437	3203
437	3204
3203	3204
430	1281
430	3446
430	3447
430	3448
430	3449
430	3450
430	3451
430	3452
430	3453
1281	461
1281	1278
1281	1280
1281	3446
1281	3447
1281	3448
1281	3452
1281	3453
3446	3447
3448	3449
3448	3450
3448	3451
3449	3450
3449	3451
3450	3451
3452	3453
461	1276
461	1277
461	1278
461	1279
461	1280
461	3091
1278	1279
1752	1753
1752	1754
1752	1755
1752	1756
1752	1757
1753	1754
1753	1755
1753	1756
1753	1757
1754	1755
1754	1756
1754	1757
1755	1756
1755	1757
3064	3065
472	2378
472	2379
472	2380
472	2381
472	2382
472	2383
472	2384
472	2385
472	2386
472	2387
472	2388
2378	2379
2378	2380
2378	2381
2378	2382
2378	2383
2378	2384
2378	2385
2378	2386
2378	2387
2378	2388
2379	2380
2379	2381
2379	2382
2379	2383
2379	2384
2379	2385
2379	2386
2379	2387
2381	2380
2381	2382
2381	2383
2381	2384
2381	2385
2381	2386
2381	2387
2382	2380
2382	2383
2382	2386
2382	2387
2383	2384
2383	2385
2383	2388
2384	2385
2384	2387
2384	2388
2385	2387
2385	2388
2387	2388
2942	2943
2945	2946
2945	2947
2946	2947
3503	3504
3503	3505
3503	3506
3503	3507
3503	3508
3503	3509
3503	3510
3504	3505
3504	3506
3504	3507
3504	3508
3504	3509
3504	3510
3505	3506
3505	3507
3505	3508
3505	3509
3506	3507
3506	3508
3507	3508
3508	3509
583	2219
1276	1277
4407	4409
4407	4412
4407	4413
4407	4414
4407	4416
4407	4421
4407	4422
4408	4409
4408	4410
4408	4411
4408	4412
4408	4413
4408	4417
4408	4422
4409	4410
4409	4411
4409	4412
4409	4413
4409	4414
4409	4416
4409	4417
4409	4421
4409	4422
4410	4411
4410	4412
4410	4413
4410	4417
4410	4422
4411	4412
4411	4413
4411	4417
4411	4422
4412	4413
4412	4414
4412	4416
4412	4417
4412	4421
4412	4422
4413	4414
4413	4416
4413	4417
4413	4421
4413	4422
4414	4416
4417	4422
4421	4422
2380	2386
2786	2789
2786	2790
2786	2791
2786	2792
2786	2793
2789	2790
2789	2792
2789	2793
2790	2791
2790	2793
2792	2793
559	3730
1241	1245
1241	1246
1241	1249
1241	1250
1241	1252
1241	4425
1241	4426
1245	1246
1245	1249
1245	1250
1245	1252
1246	1249
1246	1250
1246	1252
1249	1250
1249	1252
1249	4426
1250	4426
1252	4427
3049	3050
3049	3051
3049	3054
3049	3055
3049	3056
3049	3057
3050	3051
3050	3054
3050	3055
3050	3056
3050	3057
3051	3054
3051	3055
3051	3056
3051	3057
3054	3055
3054	3056
3054	3057
3055	3056
3055	3057
3056	3057
3059	3060
1942	1943
1942	1945
1942	1953
1942	3396
1942	3397
1942	3398
1942	3399
1942	3400
1942	3401
1943	1945
1943	1953
1943	3396
1943	3397
1943	3398
1943	3399
1943	3400
1943	3401
1945	1948
1945	1954
1945	3396
1945	3397
1945	3767
1945	3940
1946	1950
1946	1954
1950	1951
1950	1952
1950	1956
1951	1952
1951	1956
1952	1956
1953	1954
1953	1955
1953	3398
1953	3399
1954	1955
3396	3397
3396	3401
3396	3767
3397	3400
3398	3399
3767	3940
3940	3941
3940	3942
3940	3943
586	2320
586	2321
586	3532
586	3533
586	3534
2320	2321
2320	3532
2320	3533
2320	3534
3532	3533
3532	3534
3533	3534
2673	2676
1925	1926
1925	1927
1925	1928
1925	1929
1925	1930
1925	1931
1926	1927
1926	1928
1926	1929
1926	1930
1926	1931
1927	1928
1927	1929
1927	1930
1927	1931
1928	1929
1928	1930
1928	1931
1929	1930
1929	1931
1930	1931
2972	2974
